"judul_berita","tanggal_publikasi","jam_publikasi","kategori"
"1.048 Pesilat Berlaga di Kejuaraan Antar Pelajar Jakut","2020-01-31","21:13","Olahraga"
"UP JSC Terus Kembangkan Aplikasi JAKI","2020-01-31","20:48","Kesra"
"Peragaan Busana Digelar di Kereta MRT","2020-01-31","20:38","BUMD"
"Cegah Kecelakaan, Pembatas Jalan Dipasang di Jl Pagelarang","2020-01-31","19:33","Lintas Kota"
"Sudin Dukcapil Jakpus Kebut Pembuatan KIA di Sekolah","2020-01-31","19:18","Fokus"
"Ratusan Pelajar Meriahkan Hari Gizi Nasional di RPTRA Mustika Jati","2020-01-31","19:07","Lintas Kota"
"Musrenbang Kelurahan Kebon Jeruk Sepakati 91 Usulan","2020-01-31","18:51","Pemerintahan"
"TP PKK Jakut Lantik Pengurus Kecamatan Cilincing","2020-01-31","18:38","Pemberdayaan Perempuan"
"Sudin KPKP Lakukan Biosekuriti Pasar Burung Barito","2020-01-31","17:45","Kesehatan"
"Pembangunan Fasilitas MCK di Jati Pulo Rampung","2020-01-31","17:04","Pembangunan"
"Kelurahan Susukan Miliki Taman PPSU","2020-01-31","16:56","Lintas Kota"
"Tinggi Tanggul Kali Ciliwung di Pasar Baru Ditambah","2020-01-31","16:47","Fokus"
"Bapenda DKI Serap Aspirasi Warga Terkait Pengurusan STNK","2020-01-31","16:33","Ekonomi"
"FORST 2020 Bakal Fokus Pada Olahraga dan Rekreasi","2020-01-31","15:53","Olahraga"
"Turap Kali Krukut di Jalan Bank I Diperbaiki","2020-01-31","15:27","Jakarta Hari Ini"
"Lima Meter Kubik Eceng Gondok Diangkut dari Pulau Untung Jawa","2020-01-31","14:53","Jakarta Hari Ini"
"Mulai Besok, Ada Rekayasa Lalin di Kawasan Boulevard Kelapa Gading","2020-01-31","14:53","Pembangunan"
"Bank Sampah SDN 04 Sukapura Lakukan Penimbangan Perdana","2020-01-31","14:34","Kesra"
"Sudin KPKP Jaksel Terus Optimalkan Pengawasan Pangan","2020-01-31","14:12","Lintas Kota"
"Kelurahan Pulau Kelapa Gelar Kerja Bakti","2020-01-31","14:06","Kesra"
"Kolaborasi Bersama Pemkot Bekasi dan Pemprov Jabar, Anies Resmikan Flyover Cipendawa dan Rawa Panjang","2020-01-31","13:11","Fokus"
"Hujan Diprediksi Guyur Jakarta Pada Siang Hari","2020-01-31","10:01","Jakarta Hari Ini"
"Ular Kobra Sepanjang Satu Meter Dievakuasi di Cakung Barat ","2020-01-31","08:10","Jakarta Hari Ini"
"PT MRT Simulasikan Pemasangan Flood Barrier di Stasiun Dukuh Atas BNI","2020-01-30","20:15","BUMD"
"Bedah Rumah Warga di Malakasari Rampung","2020-01-30","19:48","Lintas Kota"
"Sudin Dukcapil Jaksel Siap Layani Perekaman KTP-el di Rumah","2020-01-30","19:35","Kesra"
"Warga Disosialisasikan Pencatatan Pemakaian Air SWRO","2020-01-30","19:15","Ekonomi"
"Pembangunan Flyover Tanjung Barat dan Lenteng Agung Terus Disosialisasikan","2020-01-30","18:23","Pembangunan"
"Wakil Ketua DPRD Dukung Forum Konsultasi Publik RKPD 2021","2020-01-30","18:14","Legislatif"
"DPRD Kepulauan Mentawai Pelajari Pengembangan Pariwisata Kepulauan Seribu","2020-01-30","18:04","Pemerintahan"
"Disdik DKI Berkomitmen Terus Hadirkan Sekolah Ramah Anak","2020-01-30","17:51","Pendidikan"
"RPTRA Anggrek Bintaro Tetap Eksis Jadi Tempat Latihan Tari","2020-01-30","17:36","Seni & Budaya"
"RSUD Tarakan Adakan Seminar Merawat Bayi dan Anak dengan Stoma","2020-01-30","17:21","Kesehatan"
"Job For Career PT Jakpro Diminati Ribuan Pencari Kerja","2020-01-30","15:43","BUMD"
"Dinas LH Apresiasi Komitmen Pasar Tradisional Bebas Kantong Plastik","2020-01-30","14:48","Lintas Kota"
"Saluran Air di Depan Pasar Tomang Dikuras","2020-01-30","14:24","Lintas Kota"
"ASN Kepulauan Seribu Disosialisasikan Ingub Pengurangan Sampah","2020-01-30","14:18","Pemerintahan"
"Sejumlah Rute Transjakarta Dialihkan Sementara","2020-01-30","13:53","BUMD"
"Pemprov DKI Jakarta Gelar Forum Konsultasi Publik RKPD 2021","2020-01-30","13:39","Pemerintahan"
"Legislator dari Tiga Daerah Kunker ke DPRD DKI","2020-01-30","13:14","Legislatif"
"Tahun Ini, Jaksel Bakal Punya 13 Taman Maju Bersama","2020-01-30","13:05","Pembangunan"
"Cegah DBD, Kelurahan Pulau Panggang Lakukan Fogging","2020-01-30","12:47","Lintas Kota"
"Kebakaran Tiga Bangunan di Cikoko Berhasil Dipadamkan","2020-01-30","12:44","Jakarta Hari Ini"
"Ada 127 Usulan Dibahas dalam Musrenbang Kelurahan Kebon Baru","2020-01-30","12:25","Lintas Kota"
"Jalur Hijau di Depan Pasar Cengkareng Ditata","2020-01-30","12:18","Lintas Kota"
"Wali Kota Jaktim Pimpin Apel Penataan Penampungan Unggas","2020-01-30","09:51","Jakarta Hari Ini"
"Dinas PM dan PTSP Rampungkan 6,6 Juta Permohonan di 2019","2020-01-30","09:00","Fokus"
"Sejumlah Wilayah Jakarta Diprediksi Hujan Pada Siang Hari","2020-01-30","08:02","Jakarta Hari Ini"
"Pengurus Kwarcab Pramuka Jakut 2019-2024 Dikukuhkan","2020-01-29","20:09","Lintas Kota"
"143 Usulan Dibahas di Musrenbang Kelurahan Palmerah","2020-01-29","19:22","Pembangunan"
"Wali Kota Jaksel Apresiasi Kinerja Petugas PPSU Tanggulangi Bencana","2020-01-29","19:14","Jakarta Hari Ini"
"TP PKK Jakut Lantik Pengurus Kecamatan Penjaringan","2020-01-29","18:52","Pemberdayaan Perempuan"
"Generasi Milenial Diajak Sadar Gizi","2020-01-29","18:37","Kesehatan"
"Dinsos DKI Jajaki Penempatan Kerja di Jepang ","2020-01-29","18:31","Kesra"
"Komisi A Tinjau Kondisi Sarpras di Dinas Gulkarmat dan BPBD","2020-01-29","18:28","Legislatif"
"378 Mustahik di Grogol Petamburan Dapat Bantuan","2020-01-29","17:40","Kesra"
"Komisi D DPRD DKI Lakukan Peninjauan ke TPST Bantar Gebang","2020-01-29","17:35","Legislatif"
"Komisi E DPRD DKI Serap Aspirasi Yayasan Budaya Kampoeng Kemajoran","2020-01-29","16:54","Legislatif"
"Dinas KPKP Adakan Bimtek Pemasaran Produk PKT Binaan","2020-01-29","15:37","Ekonomi"
"Pembangunan Fisik Jadi Prioritas Musrenbang Kelurahan Pulau Tidung","2020-01-29","15:15","Pembangunan"
"Kabel Listrik PJU di Jakpus akan Diperbarui","2020-01-29","14:50","Jakarta Hari Ini"
"Pohon di Jalan Raya Cilandak KKO Dipangkas","2020-01-29","14:25","Lintas Kota"
"Legislator Kabupaten Sleman Kunker ke Dinas Kominfotik ","2020-01-29","14:06","Pemerintahan"
"Musrenbang Kelurahan Pegangsaan Dua Sepakati 198 Usulan","2020-01-29","14:05","Pembangunan"
"DKI Jakarta Jadi Tuan Rumah Peluncuran Proyek Ketahanan Perubahan Iklim untuk Indonesia dan Asia Pasifik","2020-01-29","13:25","Jakarta Hari Ini"
"Laboratorium Bahasa di MTsN 6 Jakarta Diresmikan","2020-01-29","13:13","Pendidikan"
"Warga Diajak Lestarikan Terumbu Karang","2020-01-29","13:02","Kesra"
"Wakil Bupati Hadiri Musrenbang Kelurahan Pulau Panggang","2020-01-29","12:52","Pembangunan"
"60 Sumur Resapan Selesai Dibuat di Kembangan","2020-01-29","12:15","Pembangunan"
"300 Karung Lumpur Diangkat dari Saluran Air Jalan Kesehatan Raya","2020-01-29","10:52","Jakarta Hari Ini"
"Bupati Pimpin Apel Pegawai di Kecamatan Kepulauan Seribu Selatan","2020-01-29","10:32","Jakarta Hari Ini"
"Empat Sarang Tawon Dievakuasi Petugas Gulkarmat Jaktim","2020-01-29","08:52","Jakarta Hari Ini"
"Hujan Ringan Diprediksi Guyur Jakarta Mulai Pagi Hari","2020-01-29","08:13","Jakarta Hari Ini"
"24 ASN Pemkot Jakbar Terima SK Pensiun","2020-01-28","22:54","Pemerintahan"
"Pemkot Jakut Matangkan Persiapan Pelaksanaan Program Strategis","2020-01-28","22:13","Pemerintahan"
"Pembangunan 50 TMB Ditargetkan Dimulai April","2020-01-28","21:05","Pembangunan"
"Pelajar SMKN 63 Jakarta Ukir Prestasi di Lomba Masak Tingkat Nasional","2020-01-28","20:32","Pendidikan"
"Pemprov Didorong Terus Perbanyak Taman di Ibukota","2020-01-28","20:21","Legislatif"
"Musrenbang Kelurahan Penjaringan Bahas 179 Usulan","2020-01-28","20:13","Pembangunan"
"Pemprov Diminta Bangun Integrasi Antar Moda di Kawasan Padat Penduduk","2020-01-28","20:08","Legislatif"
"Eksekutif dan Legislatif Sepakat Hentikan Sementara Revitalisasi Monas","2020-01-28","19:36","Pemerintahan"
"Musrenbang Kelurahan Pulau Pari Bahas 28 Usulan ","2020-01-28","19:10","Pembangunan"
"Sudin Bina Marga Jakpus Perbaiki 328 Titik Jalan Rusak","2020-01-28","18:27","Pembangunan"
"Turap Kali Cabang Tengah di Jl M Kahfi II Diperbaiki","2020-01-28","18:20","Jakarta Hari Ini"
"Pejabat Pemkot Jakut Disosialisasikan Ingub Pengurangan Sampah","2020-01-28","18:05","Fokus"
"Bapenda DKI Terus Kerja Sama Tingkatkan Penerimaan Pajak","2020-01-28","17:34","Ekonomi"
"Sudinhub Jakbar Siagakan Personel di Jl Kembangan Raya","2020-01-28","17:21","Lintas Kota"
"50 Petugas PPSU Bersihkan Kali Cakung Lama ","2020-01-28","17:04","Lintas Kota"
"Peringatan Hari Gizi Nasional di RPTRA Susukan Ceria ","2020-01-28","16:44","Kesehatan"
"Komisi A Bahas Rotasi Pejabat Eselon di Pemprov DKI","2020-01-28","16:26","Legislatif"
"RPTRA Tidung Ceria Dipercantik Lukisan Edukasi","2020-01-28","16:12","Lintas Kota"
"Dinkes DKI Tingkatkan Koordinasi Terkait Virus Corona","2020-01-28","14:40","Kesehatan"
"Perolehan Bulan Dana PMI di Jakbar Lebihi Target","2020-01-28","14:29","Kesra"
"Bupati Hadiri Musrenbang di Pulau Untung Jawa","2020-01-28","13:47","Pembangunan"
"Ular Sanca Sepanjang Dua Meter Dievakuasi di Jl Radar VI Kalisari","2020-01-28","13:41","Jakarta Hari Ini"
"Pemprov DKI Gelar Pekan Budaya Nusantara di Balai Kota","2020-01-28","13:36","Seni & Budaya"
"11 Kelurahan di Jakut akan Dilengkapi TPA Negeri","2020-01-28","13:29","Pendidikan"
"Tiga Rumah Sakit di Jakarta Jadi Rujukan Penanganan Virus Corona","2020-01-28","12:49","Kesehatan"
"Ini Ciri-ciri Tangki Septik yang Baik","2020-01-28","11:44","BUMD"
"Food Station akan Bangun Stasiun Logistik di Kawasan Cipinang","2020-01-28","11:26","BUMD"
"Dua Sarang Tawon di Jaktim Berhasil Dievakuasi Petugas ","2020-01-28","09:08","Jakarta Hari Ini"
"Sejumlah Wilayah Jakarta Diprediksi Hujan","2020-01-28","08:00","Jakarta Hari Ini"
"Jalan Ambles di Matraman Telah Diperbaiki","2020-01-27","20:20","Lintas Kota"
"Komisi E Bahas Fungsi Dewan Pengawas Rumah Sakit","2020-01-27","19:44","Legislatif"
"Ketua DPRD Tinjau Proses Revitalisasi Kawasan Monas","2020-01-27","19:02","Legislatif"
"Komisi E - Dinkes Rapat Kerja Bahas Pencegahan Virus Corona","2020-01-27","17:47","Legislatif"
"Posko Banjir Kelurahan Cawang Tetap Disiagakan","2020-01-27","17:18","Lintas Kota"
"Pegawai Kelurahan Cempaka Putih Timur Ikuti Pemeriksaan Kesehatan","2020-01-27","16:59","Jakarta Hari Ini"
"Musrenbang Kalibaru Rumuskan 131 Usulan Kegiatan","2020-01-27","16:24","Pemerintahan"
"DPRD Yogyakarta Pelajari Teknis Pembahasan Propemperda di DKI ","2020-01-27","16:03","Legislatif"
"BPBD DKI - RSUD Cipayung Jalin Kerja Sama Integritas Sistem Layanan ","2020-01-27","15:39","Kesehatan"
"Pohon Rawan Tumbang di Jl Jatinegara Timur Dipangkas","2020-01-27","15:16","Lintas Kota"
"Pembatalan Penunjukkan Donny Andy S Saragih Sebagai Dirut PT Transjakarta","2020-01-27","15:09","BUMD"
"Dinas Kesehatan Sediakan Layanan Telepon Khusus Terkait Coronavirus","2020-01-27","14:06","Kesehatan"
"Road To Hattrick WTP, Pemprov DKI Selenggarakan Entry Meeting Pemeriksaan LKPD 2019 ","2020-01-27","13:55","Jakarta Hari Ini"
"Anggota Komisi A Apresiasi Sekolah Ramah Murid Berkebutuhan Khusus","2020-01-27","13:32","Pendidikan"
"Pengunjung Ancol Naik 41 Persen","2020-01-27","13:31","BUMD"
"Petugas Halau Parkir Liar di Jl Matraman Raya","2020-01-27","13:00","Jakarta Hari Ini"
"Kerusakan Tanggul Saluran PHB Pluis Grogol Utara Diperbaiki","2020-01-27","12:10","Jakarta Hari Ini"
"Arus Lalu Lintas di Underpass Kemayoran Kembali Normal","2020-01-27","11:51","Jakarta Hari Ini"
"Dinas KPKP Desinfeksi Rumah Potong Hewan","2020-01-27","10:23","Kesehatan"
"Dua Unit Pengelola PM dan PTSP Berstandar Pelayanan Internasional","2020-01-27","09:41","Lintas Kota"
"Gubernur Anies Pastikan Underpass Kemayoran Bisa Digunakan","2020-01-27","02:00","Jakarta Hari Ini"
"Festival Pulau Untung Jawa Dihelat 13, 15 dan 16 Februari","2020-01-26","17:03","Wisata & Kuliner"
"Wisatawan Mancanegara Nikmati Perayaan Imlek di Thamrin 10","2020-01-26","15:19","Wisata & Kuliner"
"Sudin SDA Jaktim Tambah Alat Berat Perbaiki Turap di Kayu Putih","2020-01-26","14:22","Jakarta Hari Ini"
"Ribuan Warga Ikuti Jalan Sehat di HBKB Sudirman - Thamrin","2020-01-26","13:29","Kesehatan"
"Warga Sukapura Kerja Bakti Bersihkan Saluran ","2020-01-26","13:24","Lintas Kota"
"Jembatan Merah di Cipinang Melayu Diperbaiki","2020-01-26","12:19","Lintas Kota"
"Gubernur Anies Saksikan Parade Barongsai, Wujudkan Akulturasi Budaya Lewat Jakarta Imlekan","2020-01-26","11:10","Jakarta Hari Ini"
"Libur Imlek, Pulau Tidung Dikunjungi 1.453 Wisatawan","2020-01-26","10:05","Wisata & Kuliner"
"Pemkab - Kejari Jakarta Utara Tanda Tangani MoU Bantuan Hukum","2020-01-26","09:40","Pemerintahan"
"Dinas SDA Bantu Tangani Genangan di Underpass Kemayoran","2020-01-25","20:24","Jakarta Hari Ini"
"Hijaukan Jakarta, Pemprov DKI Tanam Puluhan Ribu Pohon dan Jutaan Semak","2020-01-25","19:35","Jakarta Hari Ini"
"LRT Jakarta Hibur Penumpang Dengan Pertunjukan Barongsai","2020-01-25","17:12","BUMD"
"Dinas SDA Kebut Pembebasan Lahan untuk Normalisasi Kali Sunter","2020-01-25","13:23","Lintas Kota"
"Kadis SDA Serahkan Bantuan Pascabanjir di Cipinang Melayu","2020-01-25","12:05","Jakarta Hari Ini"
"Jakarta Diprediksi Diguyur Hujan","2020-01-25","08:20","Jakarta Hari Ini"
"Anies Sambut Malam Pergantian Tahun Baru Imlek 2571 Bersama Masyarakat Tionghoa","2020-01-25","07:57","Fokus"
"10 KUBE Ikuti Bazar di Hotel Berbintang","2020-01-24","21:10","Ekonomi"
"Dinas KPKP Monitoring Pelaksanaan Program Tani Mas di Dua Sekolah","2020-01-24","20:20","Kesra"
"Dinsos Luncurkan Gerakan Sosial 10 Juta Lubang Biopori","2020-01-24","20:14","Kesra"
"Saefullah Lantik 334 Pejabat Fungsional ","2020-01-24","20:02","Pemerintahan"
"Pemprov DKI Merevitalisasi Kawasan Medan Merdeka Selatan Merujuk Keppres 25/1995 ","2020-01-24","19:47","Pemerintahan"
"Sarpras Olahraga di PSBKW Harapan Mulia Diresmikan","2020-01-24","19:40","Olahraga"
"Banggar DPRD Pelajari Sistem Anggaran Bappeda Sumsel","2020-01-24","18:22","Legislatif"
"Petugas PPSU Atasi Genangan di Jl Terusan Kelapa Hibrida","2020-01-24","18:16","Banjir"
"Sudin SDA Jakut Atasi Genangan di Jl Danau Sunter Barat","2020-01-24","17:39","Banjir"
"Dua Alat Berat Bantu Penanganan Turap Longsor di Kayu Putih","2020-01-24","17:34","Jakarta Hari Ini"
"Ketua Komisi B Apresiasi Penghapusan Pajak BBN-KB Kendaraan Listrik","2020-01-24","16:24","Legislatif"
"Portal di Jl Kembang Elok Utama akan Diberlakukan Buka Tutup","2020-01-24","16:17","Lintas Kota"
"Genangan Surut, Petugas Tetap Disiagakan di Jl DI Panjaitan","2020-01-24","15:50","Jakarta Hari Ini"
"Turap Longsor di Kayu Putih Langsung Ditangani Petugas","2020-01-24","15:48","Jakarta Hari Ini"
"Tujuh Pompa Dikerahkan Tangani Genangan di Jalan Letjen Suprapto","2020-01-24","15:38","Banjir"
"UKPD di Jakbar Diminta Implementasikan Ingub Nomor 107 Tahun 2019","2020-01-24","15:19","Pemerintahan"
"Pemkab - BMKG Jajaki Kerja Sama Pemantauan Cuaca","2020-01-24","15:01","Jakarta Hari Ini"
"Tina Toon Sosialisasikan Perda Pelestarian Kebudayaan Betawi","2020-01-24","14:43","Legislatif"
"Jelang Imlek, Omzet Pedagang Bunga Rawa Belong Meningkat","2020-01-24","14:31","Ekonomi"
"12 Unit Pompa Atasi Genangan di Kampung Melayu","2020-01-24","14:25","Banjir"
"Genangan di Jalan Medan Merdeka Barat Telah Surut","2020-01-24","14:05","Banjir"
"Underpass Kemayoran Ditutup Sementara ","2020-01-24","13:57","Jakarta Hari Ini"
" Wajah Baru Pesisir Jakarta, Upaya Pemulihan Lingkungan Teluk Jakarta dan Tingkatkan Keadilan Sosial","2020-01-24","13:42","Jakarta Hari Ini"
"Sudinhub Jaksel Siagakan 419 Personel Saat Imlek","2020-01-24","13:39","Fokus"
"Wakil Bupati Pantau Kondisi Cuaca di Kantor BMKG","2020-01-24","13:31","Jakarta Hari Ini"
"8 Pompa Dikerahkan Atasi Genangan di Jl DI Panjaitan","2020-01-24","13:11","Banjir"
"Sudinsos Jakut Siagakan Posko Dapur Umum","2020-01-24","13:08","Kesra"
"PAM Jaya Sosialisasikan Tarif dan Kepelangganan di Kepulauan Seribu","2020-01-24","12:56","BUMD"
"Empat Pompa Mobile Tangani Genangan di Sunter","2020-01-24","12:46","Banjir"
"Pemprov DKI Tunjuk Donny Saragih Sebagai Dirut PT Transjakarta","2020-01-24","11:37","Transportasi"
"5.000 Perlengkapan Sekolah Diberikan Bagi Pelajar Terdampak Banjir","2020-01-24","10:55","Pendidikan"
"Sekko Jaktim Cek Kesiapan Personel Sudin LH","2020-01-24","09:44","Jakarta Hari Ini"
"Sebagian Wilayah Jakarta Diprediksi Hujan","2020-01-24","08:37","Jakarta Hari Ini"
"PT Pembangunan Jaya Ancol Hadirkan Retail Kuliner Baru ","2020-01-23","20:07","BUMD"
"Lahan Parkir di Jalan Cempaka Putih Tengah XXX akan Ditata","2020-01-23","19:51","Jakarta Hari Ini"
"Gandeng BNPP, PT MRT Tingkatkan Kompetensi SDM Tanggap Darurat ","2020-01-23","18:46","BUMD"
"Pengguna Mobil dan Motor Listrik di Jakarta Bebas Pajak BBN-KB","2020-01-23","18:33","Ekonomi"
"Perbaikan Sodetan Saluran di Jalan Ciragil Timur Rampung","2020-01-23","18:30","Jakarta Hari Ini"
"Petugas Berhasil Evakuasi Sarang Tawon di Jl Taman Malaka Selatan","2020-01-23","17:57","Jakarta Hari Ini"
"Dua Unit Pompa Atasi Genangan di Tugu Utara","2020-01-23","17:17","Banjir"
"Ini Rekayasa Lalin Terkait Proyek Underpass Senen Extention","2020-01-23","16:52","Transportasi"
"Jakarta Imlekan, Kolaborasi Pemprov DKI dan Warga Hadirkan Akulturasi Kebudayaan di Ibukota","2020-01-23","16:27","Seni & Budaya"
"350 Personel Satpol PP Dikerahkan Saat Imlek","2020-01-23","15:56","Lintas Kota"
"Petugas Tangani Genangan di Jl DI Panjaitan","2020-01-23","15:29","Jakarta Hari Ini"
"Dinkes Imbau Warga Waspadai Penyakit Pneumonia Berat","2020-01-23","15:17","Kesehatan"
"Mimpi Hadijah Miliki Tempat Tinggal Layak Akhirnya Terwujud","2020-01-23","14:55","Kesra"
"2,7 Juta Wisman Ditarget Kunjungi Jakarta Tahun Ini","2020-01-23","14:27","Wisata & Kuliner"
"Layanan Restorasi Arsip Warga Terdampak Banjir Digelar di Cawang","2020-01-23","14:11","Kesra"
"Sudin Bina Marga Jaksel Tata Kabel Utilitas di Jl Kemang Utara","2020-01-23","13:39","Jakarta Hari Ini"
"Pohon Tumbang di Tegal Alur Berhasil Dievakuasi","2020-01-23","13:31","Jakarta Hari Ini"
"Pemilik Bentor di Pulau Tidung Disosialisasikan Pelayanan Wisata","2020-01-23","13:29","Wisata & Kuliner"
"Yuk Saksikan Pertunjukan Wayang Potehi di Thamrin 10","2020-01-23","13:19","BUMD"
"KONI Jakarta Utara Gelar Rapat Kerja Tahun 2020","2020-01-23","13:06","Olahraga"
"Kukuhkan FKK DKI 2019-2022, Gubernur Anies Berharap Jakarta Jadi Kota Bebas Ancaman Kebakaran","2020-01-23","12:54","Pemerintahan"
"Satu Pompa Portabel Atasi Genangan di Jl Arteri Marunda","2020-01-23","12:53","Banjir"
"Kelurahan Pulau Untung Jawa Gelar FGD Kamtibmas di RPTRA Amiterdam","2020-01-23","12:17","Kesra"
"Tali Air di Kawasan Simpang Lima Semper Dibersihkan","2020-01-23","11:30","Banjir"
"PPSU Jelambar Atasi Genangan di Jl Daan Mogot Raya","2020-01-23","10:53","Banjir"
"Satgas Gabungan Perbaiki Jalan Ambles di Matraman ","2020-01-23","09:27","Jakarta Hari Ini"
"Sejumlah Wilayah Jakarta akan Diguyur Hujan","2020-01-23","08:29","Jakarta Hari Ini"
"Musrenbang Kelurahan Petukangan Utara Bahas 106 Usulan","2020-01-23","08:24","Lintas Kota"
"20 Pohon Produktif Ditanam di RPTRA Klanceng Putih","2020-01-22","21:56","Kesra"
"Petugas Bersihkan Puing Sisa Bangunan di Jl Panjaitan","2020-01-22","21:09","Lintas Kota"
"Sudin Pusip Jaktim Restorasi Arsip Warga Terdampak Banjir ","2020-01-22","20:15","Jakarta Hari Ini"
"Musrenbang Kelurahan Sungai Bambu Bahas 98 Usulan","2020-01-22","20:07","Pembangunan"
"495 Mustahik di Tambora Terima Santunan","2020-01-22","18:13","Kesra"
"Tiga Taman Grande Dibangun Tahun Ini","2020-01-22","18:10","Pembangunan"
"57 Murid TK Ikuti Wisata Edukasi di Taman Pintar Berlalu Lintas","2020-01-22","17:33","Pendidikan"
"Dinas KPKP Panen 220 Ton Padi di Rorotan","2020-01-22","17:25","Kesra"
"Dinding Kali Sekretaris di Grogol Petamburan Diperbaiki ","2020-01-22","17:15","Pembangunan"
"Kantor Sudin Dukcapil Jakbar Kembali Beroperasi","2020-01-22","17:07","Kesra"
"Halte Transjakarta Central Senen Berhenti Operasi Sementara","2020-01-22","17:01","BUMD"
"Komisi C DPRD DKI Tinjau Aset di THR Lokasari","2020-01-22","16:16","Legislatif"
"Musrenbang Sunter Jaya Tetapkan 209 Usulan Kegiatan","2020-01-22","16:05","Pembangunan"
"DPRD Segera Proses Pemilihan Cawagub DKI","2020-01-22","15:56","Legislatif"
"Pemkab - PLN Survei Lokasi Lahan PLTS di Pulau Sebira","2020-01-22","15:54","Pembangunan"
"Sudinsos Jakpus Siagakan 83 Personel P3S","2020-01-22","15:10","Fokus"
"Integrasi Halte Transjakarta CSW-Stasiun MRT ASEAN Bisa Tingkatkan Pelanggan","2020-01-22","14:27","BUMD"
"Pengurus PBVSI DKI Jakarta Periode 2019 - 2023 Dikukuhkan","2020-01-22","14:20","Olahraga"
"Musrenbang Kabupaten Kepulauan Seribu Dijadwalkan Pekan Depan","2020-01-22","14:14","Pemerintahan"
"Ular Sanca Sepanjang Tiga Meter Dievakuasi di Jl Supriyadi","2020-01-22","13:54","Jakarta Hari Ini"
"Saluran PHB Batu Ampar Dibersihkan Petugas Gabungan","2020-01-22","13:47","Jakarta Hari Ini"
"DWP Provinsi DKI Adakan Pelatihan Keterampilan Tata Rias","2020-01-22","13:27","Pemberdayaan Perempuan"
"Empat TPU di Kepulauan Seribu Ditata","2020-01-22","13:15","Lintas Kota"
"Rembuk RW di Jakut Ditarget Rampung Pekan Ini","2020-01-22","13:07","Pembangunan"
"Sarang Tawon di Rusun Klender Berhasil Dievakuasi ","2020-01-22","12:54","Jakarta Hari Ini"
"Turap di Saluran Air Jalan Dr Saharjo Diperbaiki","2020-01-22","12:49","Jakarta Hari Ini"
"Anies Canangkan Pembangunan Fasilitas Integrasi Halte Transjakarta CSW dan Stasiun MRT ASEAN","2020-01-22","12:44","Transportasi"
"RPTRA Nyiur Melambai Pulau Kelapa Dipercantik dengan Mural","2020-01-22","12:41","Lintas Kota"
"Ini Pelopor Pasar Bebas Plastik di Jakarta","2020-01-22","10:00","Fokus"
"Sebagian Wilayah Jakarta Diprediksi Hujan","2020-01-22","09:49","Jakarta Hari Ini"
"Usulan Musrenbang Kelurahan Ulujami Fokus Antisipasi Banjir","2020-01-22","08:21","Jakarta Hari Ini"
"Sudin LH Jakut Bakal Pindahkan TPS Kencana","2020-01-21","21:20","Lintas Kota"
"Menengok Lampion Hasil Kreasi Pelajar SMAN 22 Jakarta","2020-01-21","20:15","Pendidikan"
"Pemkot Jakpus Kembangkan Budidaya Maggot untuk Reduksi Sampah","2020-01-21","19:21","Pembangunan"
"Badan Pendapatan Daerah DKI Gencarkan Pelaporan Pajak Online","2020-01-21","19:03","Ekonomi"
"DPRD-Disdik Bahas Peningkatkan Kesejahteraan Guru PAUD","2020-01-21","18:25","Legislatif"
"11 RW Terdampak Banjir di Kembangan Utara Dapat Bantuan","2020-01-21","18:11","Kesra"
"Sudin LH Jakbar Angkut Sampah di Rawa Buaya","2020-01-21","17:41","Kesra"
"1.287 PJLP Sudin Pertamanan dan Hutan Kota Jakut Gelar Apel Kesiapsiagaan","2020-01-21","17:24","Jakarta Hari Ini"
"Layanan Pencetakan KTP Elektronik Digelar di Kedoya Selatan","2020-01-21","17:07","Kesra"
"Dinas KPKP Terus Berupaya Stabilkan Harga Cabai","2020-01-21","16:50","Ekonomi"
"28 Pedagang Pasar Tebet Barat Ikuti Sosialisasi Pergub 142/2019","2020-01-21","16:15","Jakarta Hari Ini"
"Kebakaran Sebuah Rumah di Kalisari Berhasil Dipadamkan","2020-01-21","16:11","Jakarta Hari Ini"
"Petugas Gabungan Perbaiki Tanggul Kali Cipinang di Kramat Jati","2020-01-21","15:33","Jakarta Hari Ini"
"Pelajar SMA di Cijantung Berkolaborasi Buat Lampion","2020-01-21","15:12","Pendidikan"
"Wisatawan Diprediksi Padati Kepulauan Seribu Saat Libur Imlek","2020-01-21","15:01","Wisata & Kuliner"
"Enam Sumur Resapan Dibuat di Kantor Kecamatan Kembangan","2020-01-21","14:43","Pembangunan"
"Fokus Pertahankan WTP, Anies Imbau Jajaran Tuntaskan Permasalahan Aset   ","2020-01-21","14:34","Pemerintahan"
"30 Pelajar SMA di Penjaringan Berkreasi Hias Lampion","2020-01-21","14:06","Pendidikan"
"Pembangunan Spot Wisata Mancing di Pulau Untung Jawa Sudah 90 Persen","2020-01-21","13:26","Wisata & Kuliner"
"Anies Terima Usulan Calon Wagub DKI dari Gerindra dan PKS","2020-01-21","13:11","Pemerintahan"
"Taman Kota Rawasari akan Dilengkapi Skatepark","2020-01-21","12:11","Pembangunan"
"202 Pelajar Ikuti Pelatihan di PPKPI Pasar Rebo","2020-01-21","12:03","Pendidikan"
"ASN Kecamatan Kepulauan Seribu Selatan Diedukasi Penanggulangan Kebakaran","2020-01-21","10:02","Jakarta Hari Ini"
"Yuk, Ikutan Lomba Mancing di Pulau Sebira","2020-01-21","09:44","Wisata & Kuliner"
"Dua Sarang Tawon di Jaktim Berhasil Dievakuasi ","2020-01-21","09:31","Jakarta Hari Ini"
"Sylviana Murni Resmi Dilantik Sebagai Ketum PB Persatuan Squash Indonesia","2020-01-21","09:20","Olahraga"
"Pemkot Jaksel Tingkatkan Sosialisasi Kantong Belanja Ramah Lingkungan","2020-01-21","09:03","Pemerintahan"
"Hujan Diprediksi Guyur Jakarta Hingga Siang Hari","2020-01-21","08:54","Jakarta Hari Ini"
"Sudin Dukcapil Jaksel Dapat Tambahan 16.760 Blangko E-KTP","2020-01-21","08:33","Pemerintahan"
"Kembangkan Ruang Terbuka Hijau di Jakarta, Anies Tinjau Wajah Baru Taman Puring","2020-01-20","23:39","Jakarta Hari Ini"
"20 Aset Lahan Pemprov DKI di Jakut Dalam Proses Sertifikasi","2020-01-20","21:10","Lintas Kota"
"Ini Rangkaian Acara Semarak Perayaan Imlek di Jakarta","2020-01-20","20:34","Kesra"
"Perbaikan Dua Rumah Warga di Kalianyar Sudah 60 Persen","2020-01-20","20:18","Kesra"
"Badan Pendapatan Daerah DKI Bakal Gelar Sensus Pajak Daerah","2020-01-20","19:41","Ekonomi"
"Catat! Ini Jadwal Ragam Acara Ancol Lunar Festival 2020","2020-01-20","19:34","BUMD"
"49 Pagelaran Seni dan Budaya Bakal Dipentaskan di TIM","2020-01-20","19:16","Seni & Budaya"
"Asyiknya Bermain di Rumah Pohon Taman Kompleks Kebersihan Cengkareng","2020-01-20","18:40","Pembangunan"
"Sudin SDA Jakpus Bersihkan Saluran Air di Jalan Petamburan I","2020-01-20","17:23","Banjir"
"Syamsimar Bersyukur Rumahnya Direnovasi Baznas Bazis Jaksel","2020-01-20","17:12","Kesra"
"Dua Crossing Saluran Dibangun di Tugu Selatan","2020-01-20","17:05","Banjir"
"DPRD DKI Adakan Rakor Sosialisasi Peraturan Daerah di Tahun 2020","2020-01-20","16:52","Legislatif"
"Sudin SDA Jakbar Tambah Satu Pompa Mobile di Patra","2020-01-20","16:22","Banjir"
"Dinas KPKP Optimalkan Pertanian Perkotaan di Kepulauan Seribu","2020-01-20","15:34","Kesra"
"KNPI Kepulauan Seribu Gelar Musyawarah Kabupaten ","2020-01-20","15:25","Lintas Kota"
"Bupati Pimpin Rapat Pemaparan Program Kerja 2020","2020-01-20","15:03","Lintas Kota"
"Kelurahan Pulau Untung Jawa Bangun Pos Pantau di Pesisir Pantai Sakura","2020-01-20","14:54","Wisata & Kuliner"
"Mengasah Kreativitas Anak Lewat Lukisan Lampion Imlek","2020-01-20","14:30","Seni & Budaya"
"Kelurahan Pulau Pari Percantik Spot Wisata Bukit Pelangi ","2020-01-20","14:13","Wisata & Kuliner"
"Sudin Dukcapil Jaktim Gelar Layanan di RW 07 Cililitan","2020-01-20","13:39","Jakarta Hari Ini"
"PT FSTJ Bersinergi dengan Bank DKI Jaga Ketahanan Pangan Jakarta","2020-01-20","13:23","BUMD"
"Saluran Air di Jl Pintu Besar Selatan Dikuras","2020-01-20","13:10","Lintas Kota"
"Genangan di Jl DI Panjaitan Sudah Surut","2020-01-20","13:02","Banjir"
"Taman Rawa Badak Utara Mulai Dioperasikan Hari Ini","2020-01-20","12:48","Pembangunan"
"Libur Akhir Pekan, Ratusan Wisatawan Kunjungi Pantai CikayaÂ ","2020-01-20","11:33","Wisata & Kuliner"
"60 Siswa Berkolaborasi Lukis Lampion di SMAN 60 Jakarta","2020-01-20","11:20","Pendidikan"
"Dua Unit Mobil Pemadam Dikerahkan Padamkan Kebakaran di Setu","2020-01-20","11:19","Jakarta Hari Ini"
"Revitalisasi Medan Merdeka, Optimalkan Fungsi Kawasan dengan Konsep Ruang Terbuka Hijau dan Integrasi Transportasi","2020-01-20","09:43","Pembangunan"
"Ribuan Pekerja Hadiri Konser Safety Excellence","2020-01-20","08:06","Lintas Kota"
"Jakarta Diprediksi Hujan Mulai Pagi Hari","2020-01-20","07:38","Jakarta Hari Ini"
"Jelang Imlek, Puluhan Anak Belajar Membuat Lampion","2020-01-19","15:25","Seni & Budaya"
"Samsat Keliling di HBKB Bundaran HI Layani 128 WP","2020-01-19","14:40","Ekonomi"
"Ada Pengerjaan LRT, Rute Bus Transjakarta Ini Dialihkan","2020-01-19","13:02","BUMD"
"Jelang Imlek, Stok Bawang Putih di Jakarta Aman","2020-01-19","11:41","BUMD"
"Sekda Tinjau Sumur Resapan di RW 09 Srengseng Sawah","2020-01-19","11:00","Pembangunan"
"Persoalan Banjir Perlu Ditangani Secara Terintegrasi","2020-01-19","09:36","Lintas Kota"
"BMKG Prediksi Hari Ini Jakarta Diguyur Hujan","2020-01-19","08:24","Jakarta Hari Ini"
"Pegawai dan Pensiunan BPD DKI Gelar Perayaan Natal ","2020-01-18","21:54","Jakarta Hari Ini"
"Sudin SDA Jakbar Tangani Rembesan di Kali Sekretaris","2020-01-18","21:45","Pembangunan"
"Genangan di Grogol Selatan Surut ","2020-01-18","18:28","Banjir"
"Truk Combi Jetting Dikerahkan Atasi Genangan di Jl Gatot Subroto","2020-01-18","17:44","Jakarta Hari Ini"
"40 PPSU Bersihkan Lokasi Terdampak Genangan di Kelurahan Tengah","2020-01-18","17:38","Banjir"
"Genangan di Permukiman Warga Rawajati Sudah Surut","2020-01-18","17:24","Banjir"
"Di Permukiman Warga Kembangan Utara Genangan Sudah Surut","2020-01-18","16:33","BUMD"
"Genangan di Tiga RW Petogogan Surut","2020-01-18","16:17","Banjir"
"Kerahkan Pompa Mobile, Genangan di Petamburan II Surut","2020-01-18","15:47","Kesra"
"Kelurahan Sukabumi Selatan Distribusikan Makanan Siap Saji ","2020-01-18","15:41","Kesra"
"Depan Citraland Genangan Sudah Surut","2020-01-18","14:58","Jakarta Hari Ini"
"Genangan di Permukiman Warga Kelurahan Gunung Surut","2020-01-18","14:35","Banjir"
"Genangan di RW 04 dan 05 Kampung Melayu Surut","2020-01-18","13:32","Banjir"
"Genangan di Permukiman Sukabumi Selatan Telah Surut","2020-01-18","13:18","Banjir"
"Tiga Titik Genangan di Cipulir Telah Surut","2020-01-18","12:54","Banjir"
"Petugas Lakukan Penyemprotan Cairan Disinfektan di Kampung Melayu","2020-01-18","12:52","Jakarta Hari Ini"
"Petugas Gabungan Atasi Genangan di Jl Cikini Raya ","2020-01-18","12:37","Banjir"
"Genangan di Jl DI Panjaitan Surut","2020-01-18","11:53","Jakarta Hari Ini"
"Petugas Gabungan Tangani Dampak Luapan Sumur di Pejagalan","2020-01-18","11:17","Banjir"
"Pendalaman Alur Jadi Pembahasan di Rembuk RW Pulau Tidung ","2020-01-18","11:08","Pembangunan"
"Satu Ton Eceng Gondok Diangkut dari Perairan Pulau Tidung","2020-01-18","10:28","Jakarta Hari Ini"
"Genangan di Jl Tanjung Duren Raya Surut","2020-01-18","10:14","Banjir"
"Petugas Evakuasi Biawak di Rumah Warga Pulau Tidung","2020-01-18","09:32","Kesra"
"Jakarta Diprediksi Diguyur Hujan ","2020-01-18","08:24","Jakarta Hari Ini"
"Ribuan PJLP Kecamatan Menteng Dapat Makanan Gratis ","2020-01-17","20:18","Kesra"
"Poktan Gang Hijau Asmat Buka Pelatihan Urban Farming","2020-01-17","20:00","Kesra"
"46 Petugas PPSU Kramat Jati Ikuti Pemeriksaan Kesehatan Gratis","2020-01-17","19:24","Kesehatan"
"Sudin Kehutanan Jaksel Tangani 4.340 Pohon Rawan Tumbang","2020-01-17","19:15","Jakarta Hari Ini"
"Poktan Gang Hijau Asmat Produksi Minuman Kesehatan dari Sayur dan Toga","2020-01-17","17:18","Ekonomi"
"Bedah Rumah Warga di Taman Sari Rampung","2020-01-17","17:02","Kesra"
"Kajian Perawatan Kulit dan Rambut Digelar di Balai Kota","2020-01-17","16:51","Kesehatan"
"Pembangunan Dua Kantor Kelurahan di Jakbar Rampung","2020-01-17","16:20","Pembangunan"
"Pemkab - BNN Terus Tingkatkan Kewaspadaan Peredaran Narkoba ","2020-01-17","16:16","Fokus"
"Petugas Bersihkan Gorong-gorong Jl Angkasa","2020-01-17","15:36","Jakarta Hari Ini"
"100 Pohon Pelindung Ditanam di Hutan Kota PT JIEP","2020-01-17","15:23","BUMD"
"Pemkot Jaksel Gelar PSN di RW 07 Kelurahan Jagakarsa","2020-01-17","15:08","Kesehatan"
"Rembuk RW Kelurahan Pulau Pari Bahas Pengembangan Pariwisata","2020-01-17","15:04","Pembangunan"
"Sudin Dukcapil Jaksel Mulai Distribusikan 54 Ribu E-KTP ke Warga","2020-01-17","14:53","Pemerintahan"
"PKK Pulau Harapan Terus Berbenah Jelang Lomba Tingkat Nasional","2020-01-17","14:48","Pemberdayaan Perempuan"
"Tiga Kantor Pemerintahan di Jakut akan Direnovasi Total","2020-01-17","14:14","Pemerintahan"
"Petugas Gelar Razia Makanan Kedaluwarsa di Pulau Kelapa","2020-01-17","14:04","Kesehatan"
"Resmikan Rangkaian Bulan K3 DKI Jakarta 2020, Anies Prioritaskan Kesadaran Keselamatan dan Kesehatan Kerja","2020-01-17","13:42","Fokus"
"Saluran PHB di Susukan Dibersihkan","2020-01-17","13:12","Lintas Kota"
"PPKPI Pasar Rebo Bakal Gelar Pelatihan Kerja","2020-01-17","12:53","Jakarta Hari Ini"
"Petugas Evakuasi Ular Sanca di Pulau Payung","2020-01-17","11:34","Jakarta Hari Ini"
"Jumlah Penumpang Transjakarta 2019 Meningkat Signifikan","2020-01-17","11:21","BUMD"
"Kebakaran Rumah Makan di Cipayung Berhasil Dipadamkan ","2020-01-17","09:46","Jakarta Hari Ini"
"Lift JPO Pasar Minggu dan Daan Mogot Ditarget Beroperasi Maret","2020-01-17","09:14","Pembangunan"
"Hujan Diprediksi Guyur Jakarta Mulai Siang Hari","2020-01-17","08:42","Jakarta Hari Ini"
"Tingkatkan Kesejahteraan Guru Agama di Jakarta, Anies Terima Piagam Penghargaan Kemenag RI","2020-01-17","00:14","Jakarta Hari Ini"
"GOR Bulungan Jadi Pilihan Lokasi Latihan Bola Voli Warga","2020-01-16","21:40","Olahraga"
"Sudin Pusip Jaksel Restorasi 557 Arsip Warga Terdampak Banjir","2020-01-16","21:11","Jakarta Hari Ini"
"Senator Asal DKI Bantu Korban Banjir Jabodetabek","2020-01-16","20:02","Lintas Kota"
"PPKPI Pasar Rebo Dilengkapi Co Working Space","2020-01-16","19:40","Kesra"
"DPRD Apresiasi Prestasi DKI di Sustainable Transport Award 2020","2020-01-16","19:35","Legislatif"
"Warga Kampung Pedongkelan Dapat Pelayanan Restorasi Arsip","2020-01-16","19:29","Kesra"
"ASN Diimbau Waspadai Penyakit Leptospirosis","2020-01-16","19:15","Kesehatan"
"Jakarta Dapat Penghargaan Internasional di Bidang Transportasi","2020-01-16","18:46","Transportasi"
"Penataan Saluran Jadi Prioritas Usulan Warga Pulau Panggang","2020-01-16","18:21","Pembangunan"
"Puluhan Mahasiswa AIESEC Pelajari Urban Farming di Jakpus ","2020-01-16","18:17","Kesra"
"Melongok Wajah Baru Taman Puring","2020-01-16","18:14","Pembangunan"
"Warga Apresiasi Layanan Jemput Bola Sudin Dukcapil Jaktim","2020-01-16","17:27","Jakarta Hari Ini"
"Rembuk RW Pulau Untung Jawa Prioritaskan Pembangunan Fisik","2020-01-16","16:24","Pembangunan"
"Gedung Wali Kota Jakarta Barat Dipercantik Ornamen Betawi","2020-01-16","16:02","Pembangunan"
"Bedah Rumah Warga di Kemanggisan Rampung","2020-01-16","15:55","Kesra"
"Biro Perekonomian Adakan Seminar Bisnis UMKM","2020-01-16","15:11","Ekonomi"
"KI Provinsi DKI Gelar Seleksi Calon Anggota Periode 2020-2024","2020-01-16","15:03","Pemerintahan"
"Berburu Tanaman Hias di Sentra Flona Semanan","2020-01-16","14:55","Ekonomi"
"PD Dharma Jaya Dikunjungi Organisasi Pangan dan Pertanian PBB","2020-01-16","14:09","BUMD"
"Pulau Karya Miliki Spot Wisata Pantai Cikaya","2020-01-16","13:39","Wisata & Kuliner"
"Sudin Pusip Jaktim Siapkan Pojok Baca di 32 PAUD Negeri","2020-01-16","13:28","Pendidikan"
"Yuk Icip-icip Makanan Khas Imlek di Thamrin 10","2020-01-16","13:16","BUMD"
"Kelurahan Malaka Jaya Sosialisasikan Larangan Parkir ","2020-01-16","13:06","Lintas Kota"
"Petugas Rumah Pompa Diberi Bingkisan Sembako","2020-01-16","12:39","Lintas Kota"
"Kepulauan Seribu Jadi Lokasi Studi Budaya Mahasiswa Indonesia-Belanda","2020-01-16","11:14","Seni & Budaya"
"Sudin Dukcapil Jaksel Terima 69 Ribu Blangko E-KTP","2020-01-16","10:16","Pemerintahan"
"Petugas Evakuasi Sarang Tawon di SMPN 241 Pulau Tidung ","2020-01-16","09:50","Jakarta Hari Ini"
"Gedung DPRD DKI Dilengkapi Videotron","2020-01-16","09:25","Legislatif"
"RPTRA Cinta Aselih Cipedak Mulai Dioperasikan","2020-01-16","08:29","Pembangunan"
"Wakil Bupati Pimpin Penataan Sisi Timur Pulau Karya","2020-01-15","21:14","Jakarta Hari Ini"
"Bedah Rumah Warga RW 09 Kalianyar Rampung","2020-01-15","21:09","Kesra"
"UP PKB Pulogadung Bagikan 3.000 Smart Card","2020-01-15","20:39","Transportasi"
"Petugas Evakuasi Sarang Tawon di Duren Sawit","2020-01-15","20:29","Jakarta Hari Ini"
"Pemkot Jakpus Ajak Warga Beralih Gunakan Tumbler ","2020-01-15","20:17","Kesra"
"Kadis SDA Cek Dua Rumah Pompa di Jakpus","2020-01-15","18:42","Fokus"
"Yuk, Berburu Ikan Cupang Hias di Sentra Flona Semanan ","2020-01-15","18:35","Ekonomi"
"Warga Terdampak Banjir di Jakbar Terima 2.109 Dokumen Kependudukan","2020-01-15","18:10","Kesra"
"3,9 Kilometer Trotoar di Jakpus Direvitalisasi Tahun Ini","2020-01-15","18:01","Pembangunan"
"69 Petugas PPSU Pela Mampang Ikuti Pemeriksaan Kesehatan","2020-01-15","17:51","Kesehatan"
"PT JIEP Salurkan 1.000 Paket Bantuan untuk Warga Terdampak Banjir","2020-01-15","17:14","BUMD"
"DPRD DKI Serap Aspirasi Paguyuban Pengusaha Jalan Sabang","2020-01-15","16:32","Legislatif"
"Dinas Pendidikan Adakan Gebyar Kreativitas dan Literasi Siswa SMA","2020-01-15","16:19","Pendidikan"
"Pelajar SMKN Situraja Sumedang Studi Tur ke JSC","2020-01-15","16:07","Pendidikan"
"Saluran Air di Jalan Purwa III Cipedak Dinormalisasi","2020-01-15","16:00","Pembangunan"
"Warga Terdampak Banjir di Cipinang Muara Terima Bantuan ","2020-01-15","15:44","Lintas Kota"
"75 Siswa SMK dari Bandung Pelajari Desain Nuansa Pondok Kelapa","2020-01-15","15:04","BUMD"
"Bupati Kepulauan Seribu Berikan Pengarahan Pada PJLP","2020-01-15","14:17","Pemerintahan"
"Ketua Komisi A Ingin Kekurangan Blangko KTP-el Segera Teratasi","2020-01-15","14:02","Legislatif"
"Petugas Evakuasi Ular Sanca di Pulau Lancang","2020-01-15","13:51","Jakarta Hari Ini"
"198 Warga Terdampak Banjir Dapat Pelayanan Restorasi Arsip ","2020-01-15","13:27","Jakarta Hari Ini"
"Pelayanan Sedot Tangki Septik Gratis PD PAL Jaya Diapresiasi Warga","2020-01-15","13:20","BUMD"
"Dinas KPKP Terus Pastikan Keamanan Pangan di Jakarta","2020-01-15","12:03","Lintas Kota"
"Sudin KPKP Jaksel Jual Pangan Murah di RPTRA Shibi ","2020-01-15","11:48","Kesra"
"Anggota Komisi C Ingin Anggaran Penanggulangan Banjir Ditambah","2020-01-15","10:16","Legislatif"
"57 Titik Jalan Rusak di Jaksel Rampung Diperbaiki","2020-01-15","08:32","Pembangunan"
"Sebagian Wilayah Jakarta Diprediksi Hujan","2020-01-15","08:02","Jakarta Hari Ini"
"PJLP dan PPSU se-Kecamatan Gropet Ikuti Pemeriksaan Kesehatan","2020-01-14","20:42","Kesehatan"
"Ini Jadwal Sosialisasi Perda Perdana di Tahun 2020","2020-01-14","20:24","Legislatif"
"Petugas Basmi Ulat Bulu di Perumahan Primkopti Setu","2020-01-14","20:11","Jakarta Hari Ini"
"Dinas KPKP Adakan Temu Penyuluh Pertanian se-DKI Jakarta","2020-01-14","19:54","Kesra"
"Bupati Beri Pengarahan Kepada Para Pejabat Baru","2020-01-14","19:46","Pemerintahan"
"Rancangan Peraturan Tatib DPRD DKI Segera Disahkan ","2020-01-14","19:42","Legislatif"
"Sekda Minta Jajaran di Pemprov DKI Kuasai CRM","2020-01-14","19:38","Pemerintahan"
"Cegah DBD, Sekko Jaktim Pimpin PSN di Palmeriam","2020-01-14","19:25","Kesehatan"
"Jalan Berlubang di Kecamatan Senen Diperbaiki","2020-01-14","18:29","Lintas Kota"
"Ratusan Paket Pangan Murah Ludes Diserbu Warga","2020-01-14","18:26","Ekonomi"
"52 Petugas PPSU Kelurahan Cikini Ikuti Tes Kesehatan","2020-01-14","17:39","Kesehatan"
"Komisi E Sepakat Tunjangan Kinerja Guru Madrasah Perlu Ditingkatkan","2020-01-14","17:27","Legislatif"
"Lima Kilogram ikan Lele Dipanen di RPTRA Beringin","2020-01-14","16:59","Kesra"
"Dinas Dukcapil Terima Alokasi 290 Ribu Blangko KTP-el","2020-01-14","15:11","Lintas Kota"
"Sudinhub Jaksel Sosialisasikan Cara Berkendara Aman ke Pengemudi JakLingko","2020-01-14","14:23","Transportasi"
"Dinas Gulkaramat DKI Terus Tingkatkan Profesionalisme","2020-01-14","13:29","Pemerintahan"
"Sekda Lantik 2.650 Pejabat Eselon III dan IV","2020-01-14","13:22","Pemerintahan"
"Puskesmas dan Kader Jumantik Galakkan PSN di Pulau Pramuka","2020-01-14","13:01","Kesehatan"
"Petugas Perbaiki Turap Longsor di Jl DI Panjaitan","2020-01-14","12:37","Jakarta Hari Ini"
"FKDM Kecamatan Kebon Jeruk Gelar Raker","2020-01-14","12:27","Lintas Kota"
"Dinsos Perkuat Layanan Dukungan Psikososial","2020-01-14","09:59","Lintas Kota"
"Warga Apresiasi Keberadaan JPO Pasar Minggu","2020-01-14","09:02","Pembangunan"
"BMKG Prediksi Jakarta Diguyur Hujan Sejak Pagi Hari","2020-01-14","08:27","Jakarta Hari Ini"
"Satpel SDA Jagakarsa Perbaiki Saluran Air dan Turap ","2020-01-14","07:35","Fokus"
"Sudin Kesehatan Jaksel Siagakan 10 Posko di Lokasi Rawan Banjir","2020-01-13","22:00","Kesehatan"
"Wali Kota Jakbar Dampingi Komisi A Tinjau Sejumlah Rumah Pompa","2020-01-13","20:19","Pemerintahan"
"Dinas SDA Pastikan 450 Pompa Dalam Kondisi Prima","2020-01-13","19:06","Fokus"
"17 Anggota DPRD Tinjau Kondisi Lima Rumah Pompa di Jakarta","2020-01-13","18:42","Legislatif"
"Petugas Penanggulangan Banjir Diberikan Pemeriksaan Kesehatan Gratis ","2020-01-13","18:30","Kesehatan"
"Dispusip Restorasi 1.975 Arsip Warga Terdampak Banjir","2020-01-13","18:22","Lintas Kota"
"Kelurahan Pulau Harapan Adakan Sosialisasi Rembuk RW","2020-01-13","18:12","Lintas Kota"
"Anggota Komisi E Ini Ajak Warga Tak Buang Sampah Sembarangan","2020-01-13","17:29","Legislatif"
"Petugas Evakuasi Ular Piton dari Permukiman Warga di Susukan","2020-01-13","17:20","Jakarta Hari Ini"
"Warna Warni Mural Percantik Kampung Cempaka Ceria di Rawa Buaya","2020-01-13","17:09","Lintas Kota"
"Pulau Karya Dilengkapi Wahana Bermain untuk Anak","2020-01-13","16:31","Wisata & Kuliner"
"TP PKK Jaksel Bantu Warga Terdampak Banjir di Kebon Baru","2020-01-13","15:44","Pemberdayaan Perempuan"
"Area Thamrin 10 Segera Miliki Fasilitas Keran Air Siap Minum","2020-01-13","15:03","BUMD"
"Pemkot Jakbar Terima Kunjungan Komisi A DPRD","2020-01-13","14:48","Legislatif"
"Layanan Restorasi Arsip Digelar di RPTRA Permata Intan","2020-01-13","14:46","Kesra"
"Dinas KPKP Layani Pemeriksaan 2.884 Hewan Terdampak Banjir","2020-01-13","13:24","Lintas Kota"
"LMK Pademangan Timur Pelajari Pengembangan Pariwisata Pulau Harapan","2020-01-13","13:09","Wisata & Kuliner"
"PKK Kelurahan Pulau Pari Panen Sayuran","2020-01-13","12:52","Lintas Kota"
"Sudin SDA Jaksel Perbaiki Turap Longsor di Tebet","2020-01-13","12:31","Jakarta Hari Ini"
"Mulai Februari Pengguna Layanan Transjakarta Wajib Tap In Tap Out","2020-01-13","11:38","BUMD"
"340 Siswa SMK Ikuti Pelatihan Keterampilan di PPKPI Pasar Rebo","2020-01-13","11:38","Pendidikan"
"55,8 Ribu Ton Sampah Pascabanjir Diangkut ke TPST Bantar Gebang","2020-01-13","10:54","Lintas Kota"
"Saluran Air di Jalan Taman Bukit Duri Dikeruk","2020-01-13","10:30","Jakarta Hari Ini"
"Hujan Diprediksi Guyur Jakarta Mulai Pagi Hari","2020-01-13","09:28","Jakarta Hari Ini"
"Pengurus ICMI Muda Kepulauan Seribu Dikukuhkan","2020-01-12","16:53","Jakarta Hari Ini"
"200 Warga Rawa Badak Selatan Manfaatkan Pengobatan Gratis","2020-01-12","15:44","Kesehatan"
"Warga Senang Taman Kebersihan Cengkareng Dilengkapi Rumah Pohon","2020-01-12","14:14","Lintas Kota"
"Pemkot Jaksel Gelar Superball Run 6th Edition","2020-01-12","13:04","Olahraga"
"Kelurahan Cawang Salurkan Bantuan untuk Warga Terdampak Banjir ","2020-01-12","12:30","Kesra"
"Jakarta Diprediksi Cerah Berawan","2020-01-12","11:59","Jakarta Hari Ini"
"Kelurahan Pulau Tidung Giatkan Pembibitan Pohon Kelor","2020-01-12","11:10","Kesra"
"Sudin Dukcapil Jaktim Layani 1.042 Pengajuan Adminduk Korban Banjir","2020-01-12","11:06","Jakarta Hari Ini"
"Sanggar Mekar Jaya Rutin Tampilkan Wayang Kulit Betawi","2020-01-11","21:20","Seni & Budaya"
"Pendistribusian Pangan Bersubsidi di Jakarta Barat Disambut Antusias","2020-01-11","17:38","Jakarta Hari Ini"
"Dinas SDA Pastikan Pompa di Rumah Pompa Waduk Muara Angke Berkondisi Prima","2020-01-11","16:32","Lintas Kota"
"Langkah Transjakarta Hadapi Musim Penghujan","2020-01-11","15:23","BUMD"
"UPT Pusyankeswannak Dinas KPKP DKI Layani Hewan Peliharaan Terdampak Banjir ","2020-01-11","15:08","Kesehatan"
"Dinas Kesehatan Beri Layanan Komprehensif Bagi Warga Terdampak Banjir","2020-01-11","15:01","Kesehatan"
"MRT Fase II Mulai Digarap Maret","2020-01-11","11:00","BUMD"
"Jakarta Diprediksi Diguyur Hujan","2020-01-11","08:36","Jakarta Hari Ini"
"Perayaan Natal Bersama di GBI Mawar Saron ","2020-01-10","23:20","Kesra"
"Dinas Nakertrans dan Energi DKI Bakal Adakan Konser Safety Excellence","2020-01-10","19:06","Seni & Budaya"
"Pengangkutan Sampah Sisa Banjir Dikebut","2020-01-10","18:16","Banjir"
"Sudin Kehutanan Jakbar Bantu Tangani Sampah di Kedaung Kali Angke","2020-01-10","17:54","Lintas Kota"
"DPRD DKI Tinjau Proyek Pengamanan Pantai di Muara Baru","2020-01-10","17:08","Legislatif"
"Pembersihan Saluran Jalan Gatot Subroto Kerahkan Truk Combi Jetting","2020-01-10","16:42","Lintas Kota"
"Karyawan dan PHL PD PAL Jaya Dapat Santunan ","2020-01-10","16:26","BUMD"
"Rambu Dua Arah Dipasang di Jalan Labu","2020-01-10","16:05","Transportasi"
"Berburu Busana Cheongsam di Kawasan Glodok ","2020-01-10","16:00","Lintas Kota"
"Jl Inspeksi Kali Ciliwung Dibersihkan ","2020-01-10","15:45","Jakarta Hari Ini"
"DPRD Sleman akan Adopsi Sistem Musrenbang di DKI","2020-01-10","15:23","Pemerintahan"
"Dinas KPKP dan Dua BUMD Sepakati Kerja Sama Pangan Murah Bersubsidi","2020-01-10","15:12","Kesra"
"Sudin Dukcapil Jaksel Jemput Bola Layani Warga Terdampak Banjir","2020-01-10","15:03","Jakarta Hari Ini"
"DPRD Sleman Pelajari Smart City di Diskominfotik DKI","2020-01-10","14:39","Pemerintahan"
"Sudin Sosial Jakarta Timur Masih Operasikan Dapur Umum","2020-01-10","14:36","Lintas Kota"
"Jeju Special Self-Governing Provincial Council Kunker ke DPRD DKI","2020-01-10","14:22","Legislatif"
"Petugas Atasi Genangan di RW 03 Pulau Tidung","2020-01-10","14:10","Lintas Kota"
"PPKD Jaktim Buka Pendaftaran Pelatihan Kerja untuk 15 Kejuruan","2020-01-10","13:52","Lintas Kota"
"MRT Jakarta dan PT KAI Sepakati Perjanjian Penataan Stasiun  ","2020-01-10","13:34","BUMD"
"Petugas Atasi Genangan di Plaza Kabupaten","2020-01-10","13:18","Lintas Kota"
"Forkompimko Jaktim Tanam Pohon di Kampung Melayu","2020-01-10","12:09","Jakarta Hari Ini"
"Ini Langkah Ancol Menjaga dan Lestarikan Lingkungan ","2020-01-10","12:05","BUMD"
"Kawasan Glodok Mulai Ramai Pedagang Pernak Pernik Imlek","2020-01-10","11:42","Ekonomi"
"Siswa Terdampak Banjir di Penjaringan Terima Bantuan Seragam","2020-01-10","11:36","Banjir"
"Kebakaran Sebuah Minibus di Cawang Berhasil Dipadamkan","2020-01-10","11:27","Jakarta Hari Ini"
"  Bersama Kementerian BUMN dan Kemenhub, Pemprov DKI Kolaborasi Dirikan PT Moda Integrasi Transportasi Jabodetabek","2020-01-10","11:22","Fokus"
"Hujan Diprediksi Guyur Jakarta Pada Pagi dan Siang Hari","2020-01-10","10:28","Jakarta Hari Ini"
"Kebakaran Dua Rumah di Karet Kuningan Berhasil Dipadamkan","2020-01-10","09:39","Jakarta Hari Ini"
"Bedah Rumah Warga di Krendang Rampung","2020-01-09","21:37","Pembangunan"
"Besok, Ada Perayaan Natal Bersama di GBI Mawar Saron","2020-01-09","20:38","Lintas Kota"
"Warga Terdampak Banjir di Rawabuaya Terima Bantuan dari DWP DKI ","2020-01-09","19:30","Kesra"
"DPRD Dukung Pemprov Lakukan Penanganan Pascabanjir","2020-01-09","19:26","Legislatif"
"Larangan Penggunaan Kantong Plastik Disosialisasikan di 153 Pasar Tradisional  ","2020-01-09","18:27","BUMD"
"Pelajar SMPN 285 Jakarta Galang Dana Peduli Bencana","2020-01-09","17:09","Pendidikan"
"30 Petugas PPSU Bantu Pembersihan Sampah di Cililitan","2020-01-09","17:00","Lintas Kota"
"25 Anggota Pramuka Ikut Kerja Bakti di Rawa Buaya","2020-01-09","16:49","Lintas Kota"
"Layanan Mobil Keliling PTSP di Pejagalan Digelar Sampai Besok","2020-01-09","16:36","Kesra"
"120 Pompa Mobile Disiagakan Antisipasi Kenaikan Muka Air Laut ","2020-01-09","16:24","Fokus"
"PD PAL Jaya Bersihkan Sampah Dalam Pipa di Kawasan SCBD  ","2020-01-09","16:21","BUMD"
"Warga Terdampak Banjir di Matraman Terima Bantuan","2020-01-09","16:00","Kesra"
"Sudin PRKP Kepulauan Seribu Bangun Gapura di Tiga Pulau","2020-01-09","15:50","Pembangunan"
"Satgas Penanggulangan Banjir Jaksel Siagakan 7.812 Personel","2020-01-09","15:42","Fokus"
"20 Satgas SDA Dikerahkan Perbaiki Turap Longsor di Kali Sunter","2020-01-09","15:32","Jakarta Hari Ini"
"Dinas KPKP Monev Pangan Bersubsidi","2020-01-09","15:17","Lintas Kota"
"Sekda Tinjau Kondisi Hilir Sungai di Muara Angke ","2020-01-09","15:03","Banjir"
"Legislator dari Tujuh Daerah Kunker ke DPRD DKI Jakarta","2020-01-09","14:46","Legislatif"
"MRT Jakarta Sediakan Pin Khusus untuk Penumpang Prioritas ","2020-01-09","14:22","BUMD"
"550 Petugas Gabungan Bersihkan Sampah di Semanan","2020-01-09","14:03","Kesra"
"Wakil Ketua DPRD Dukung Dilakukannya Rekayasa Cuaca","2020-01-09","13:55","Legislatif"
"Warga Pulau Tidung Dibagikan Bibit Tanaman Gratis","2020-01-09","13:30","Kesra"
"RPTRA Widya Bahari Dipercantik","2020-01-09","13:18","Lintas Kota"
"Bapomi Apresiasi Pemprov DKI Sukseskan Pomnas XVI","2020-01-09","13:05","Olahraga"
"DWP DKI Jakarta Salurkan Bantuan untuk Warga Terdampak Banjir di Cililitan","2020-01-09","11:49","Pemberdayaan Perempuan"
"Warga Diajak Tetap Jaga Perilaku Hidup Sehat","2020-01-09","11:42","Kesehatan"
"Perbaikan Jembatan Kali Cakung Lama Ditarget Rampung Pekan Ini","2020-01-09","11:05","Banjir"
"82 Personel PPSU Bersihkan Sampah di Pulogadung","2020-01-09","09:33","Jakarta Hari Ini"
"Jakarta Diprediksi Hujan Mulai Pagi Hari","2020-01-09","09:02","Jakarta Hari Ini"
"600 Petugas PPSU Bersihkan Lumpur dan Sampah di RW 01 Pengadegan","2020-01-09","08:04","Jakarta Hari Ini"
"Kolong Flyover Cipinang Ditanami Sayur Mayur","2020-01-08","21:37","Lintas Kota"
"Antisipasi Cuaca Ekstrem, BPBD Ajak Warga Jaga Kondisi Saluran Air","2020-01-08","21:24","Fokus"
"Biro Tapem DKI Gelar Pembekalan Penanganan Bencana","2020-01-08","21:02","Fokus"
"Puskesmas Palmerah Layani 82 Warga Terdampak Banjir","2020-01-08","20:07","Kesehatan"
"Misan Samsuri Ingin Pimpinan Tinggi Pratama Terlantik Tunjukkan Kinerja Terbaik","2020-01-08","19:51","Legislatif"
"Pelayanan Pengungsi di Kelurahan Pengadegan Dapat Apresiasi Warga","2020-01-08","19:45","Banjir"
"Sudin Dukcapil Jaksel Terima 770 Pengajuan Dokumen Adminduk Korban Banjir","2020-01-08","19:17","Jakarta Hari Ini"
"Cucu Ahmad Kurnia Siap Majukan Sektor Parekraf di Jakarta","2020-01-08","18:38","Wisata & Kuliner"
"Anies Kukuhkan Kepala Kantor Regional V BKN dan Jabatan Pimpinan Tinggi Pratama Pemprov DKI","2020-01-08","18:35","Pemerintahan"
"Wakil Wali Kota Jakbar Monitoring Pengangkutan Sampah Sisa Banjir","2020-01-08","18:30","Lintas Kota"
"Melihat Geliat Pelukis Jalanan di Kawasan Kota Tua","2020-01-08","18:26","Seni & Budaya"
"Pemkab Gelar Rakor Percepatan Kemudahan Berinvestasi","2020-01-08","18:09","Ekonomi"
"1.000 Karung Pasir Disiapkan Antisipasi Rob di Penjaringan","2020-01-08","18:00","Banjir"
"Warga Terdampak Banjir di Pejagalan Diberikan Layanan Adminduk","2020-01-08","17:33","Banjir"
"Satpol PP Pulogadung Dirikan Posko Siaga Bencana","2020-01-08","16:39","Jakarta Hari Ini"
"1.092 Warga Pengadegan Telah Tinggalkan Pengungsian","2020-01-08","16:26","Jakarta Hari Ini"
"Petugas Tangani Turap Kali Sunter yang Longsor di Jl Kayu Mas Utara Baru","2020-01-08","15:23","Jakarta Hari Ini"
"Kelurahan Pulau Untung Jawa  Bangun Posko Tanggap Bencana","2020-01-08","15:05","Fokus"
"Nelayan Diimbau Waspadai Gelombang Tinggi","2020-01-08","14:49","Jakarta Hari Ini"
"Siapkan Stok Beras, Food Station Tanam Padi Bersama Petani Indramayu ","2020-01-08","14:29","BUMD"
"Antisipasi Rob, Sudin SDA Jakut Siagakan Pompa Mobile","2020-01-08","14:06","Banjir"
"Sudinhub Jaksel Alihkan Tujuh Trayek Angkutan Umum ","2020-01-08","13:54","Transportasi"
"Warga Antusias Datangi KHK Gratis di Kantor Dinas KPKP","2020-01-08","13:45","Kesehatan"
"Genangan di Permukiman Warga Cengkareng Timur Sudah Surut","2020-01-08","13:34","Banjir"
"Food Station Pastikan Stok Beras Aman ","2020-01-08","12:56","BUMD"
"Ancol Siapkan Langkah Antisipasi Rob ","2020-01-08","12:45","BUMD"
"Kelurahan Pengadegan Masih Operasikan Dapur Umum","2020-01-08","11:49","Kesra"
"Dinkes Intensifkan Penyemprotan Disinfektan di Lokasi Terdampak Banjir","2020-01-08","11:18","Kesehatan"
"Perumda Pasar Jaya Akan Bangun 20 Lokasi Etalase Kuliner ","2020-01-08","10:59","BUMD"
"Jakarta Diprediksi Hujan Hari Ini","2020-01-08","10:06","Jakarta Hari Ini"
"Turap Longsor di Kali Cakung Mulai Diperbaiki","2020-01-08","09:54","Jakarta Hari Ini"
"Sudin PE Lakukan Perawatan Gardu Listrik di Pulau Pari","2020-01-08","09:48","Jakarta Hari Ini"
"Dinas KPKP Distribusikan Pangan Bersubsidi Tahun 2020","2020-01-07","22:20","Kesra"
"PMI Jaksel Suplai 5.000 Liter Air Bersih Bagi Pengungsi Banjir ","2020-01-07","22:17","Kesra"
"Ratusan Petugas Gabungan Bersihkan Sampah di Kedoya","2020-01-07","21:33","Lintas Kota"
"Satgas SDA Jaktim Perbaiki Tanggul di Kelurahan Dukuh","2020-01-07","20:22","Jakarta Hari Ini"
"Ada Gelar Produk UKM di Bazar Balai Kota","2020-01-07","20:19","Ekonomi"
"Anggota DPRD DKI Jakarta Tinjau Lokasi Banjir di Semanan ","2020-01-07","20:12","Legislatif"
"Personel Satpol PP Masih Dikerahkan Rehabilitasi Pascabanjir","2020-01-07","20:06","Lintas Kota"
"Wakil Bupati Pimpin Penataan Kawasan Pulau Karya","2020-01-07","19:56","Lintas Kota"
"350 Petugas Gabungan Kerja Bakti di Pengadegan","2020-01-07","19:44","Lintas Kota"
"Sekda Tinjau Posko Pengungsi Banjir di GOR Pancoran","2020-01-07","18:56","Pemerintahan"
"Pohon Tumbang di Jl Raya Bogor Dievakuasi","2020-01-07","16:55","Jakarta Hari Ini"
"Satpol PP Dikerahkan Bersihkan Sampah di SMAN 62 Jakarta","2020-01-07","16:35","Lintas Kota"
" Hadiri RTM Penanganan Banjir, Anies Laporkan Kondisi Terkini Posko Pengungsian","2020-01-07","16:31","Fokus"
"OPD Bidang Pemerintahan Diminta Optimalkan Serapan Anggaran","2020-01-07","16:17","Legislatif"
"PAL Jaya Berikan Layanan Penyedotan Tangki Septik Gratis Bagi Warga Terdampak Banjir ","2020-01-07","13:08","BUMD"
"Pemkab - Perumda Pasar Jaya Bahas Penambahan Lokasi JakGrosir ","2020-01-07","12:29","Ekonomi"
"Dinas Dukcapil Cetak 1.364 Dokumen Adminduk Pengganti Warga Terdampak Banjir","2020-01-07","12:18","Kesra"
"Wali Kota Jaktim Pimpin Kerja Bakti di Kramat Jati","2020-01-07","12:14","Jakarta Hari Ini"
"RPTRA Tidung Ceria Panen Sayuran","2020-01-07","11:46","Kesra"
"PT KBN Distribusikan Bantuan Sembako untuk Warga Terdampak Banjir ","2020-01-07","11:09","BUMD"
"Sarang Tawon Berdiameter 50 Sentimeter Dievakuasi Petugas","2020-01-07","09:12","Jakarta Hari Ini"
"Dinkes Layani 12.640 Warga Terdampak Banjir","2020-01-07","09:01","Kesehatan"
"Jakarta Diprediksi Hujan Sejak Pagi Hari","2020-01-07","08:44","Jakarta Hari Ini"
"Satpol PP DKI Tutup New Monggo Mas","2020-01-06","22:02","Jakarta Hari Ini"
"5.000 Pengurus RT, RW dan Kader Jumantik Ikut Wisata Gratis ke Ancol ","2020-01-06","20:22","BUMD"
"Tiang Reklame Rawan Roboh di Penjaringan Ditertibkan","2020-01-06","20:10","Jakarta Hari Ini"
"Petugas Semprot Cairan Disinfektan di Kramat Jati ","2020-01-06","19:48","Kesehatan"
"394 Ton Sampah Diangkut dari Kecamatan Kramat Jati","2020-01-06","19:27","Jakarta Hari Ini"
"Warga Terdampak Banjir di Cengkareng Terima Puluhan Dokumen Adminduk","2020-01-06","18:33","Banjir"
"Jumlah Pengungsi Banjir di Jakbar Menurun","2020-01-06","18:04","Banjir"
"Bupati Kepulauan Seribu Terima Audiensi HIPO DKI ","2020-01-06","17:44","Ekonomi"
"UPK Badan Air Jakbar Bersihkan Sampah di Kali KBB","2020-01-06","17:04","Lintas Kota"
"Posko Kesehatan di Pejagalan Sudah Layani 2.700 Warga ","2020-01-06","16:20","Banjir"
"Peluncuran Aplikasi E-Order Disambut Positif Para UMKM","2020-01-06","16:17","Ekonomi"
"Satgas SDA Jagakarsa Tangani Tebing Longsor Jl H Shibi","2020-01-06","15:51","Jakarta Hari Ini"
"27 Ton Sampah Diangkut dari Kelurahan Kalianyar","2020-01-06","15:47","Lintas Kota"
"Dinas KPKP Pastikan Stok Pangan di Jakarta Aman","2020-01-06","15:04","Ekonomi"
"378 Ton Sampah Pasca Banjir di Jakut Berhasil Diangkut ","2020-01-06","14:46","Banjir"
"Pemkot Jakut Atasi Genangan di Kelurahan Pejagalan ","2020-01-06","14:22","Banjir"
"Dinas Gulkarmat Bantu Tangani Bangunan Roboh di Jakbar","2020-01-06","14:11","Jakarta Hari Ini"
"Mohamad Taufik Serahkan 10 Persen Penghasilan Dewan Bantu Korban Banjir","2020-01-06","14:00","Legislatif"
"Kegiatan Belajar Mengajar di SMPN 31 Kembali Normal","2020-01-06","13:45","Banjir"
"800 Petugas Gabungan Bersihkan Sampah di Kramat Jati","2020-01-06","13:31","Jakarta Hari Ini"
"PPKD Jaktim Salurkan Bantuan Bagi Warga Terdampak Banjir di Kelurahan Makasar","2020-01-06","13:21","Lintas Kota"
"Lurah-Camat Diimbau Siagakan Petugas PPSU di Wilayah Rawan Genangan","2020-01-06","13:05","Jakarta Hari Ini"
"Sarpras di Kelurahan Pulau Kelapa Dipercantik","2020-01-06","12:56","Lintas Kota"
"Dinas Bina Marga Kerahkan 819 Personel untuk Rehabilitasi Pascabanjir","2020-01-06","12:44","Lintas Kota"
"Dharma Wanita Persatuan DKI Kunjungi Warga Terdampak Banjir di Pejagalan","2020-01-06","12:32","Kesra"
"PD PAL Jaya Salurkan 600 Galon Air Mineral di Duri Kosambi ","2020-01-06","12:12","BUMD"
"Pemprov DKI Luncurkan E-Order di Balai Kota","2020-01-06","11:40","Ekonomi"
"Pintu Air Pasar Ikan Berstatus Siaga 3","2020-01-06","11:29","Banjir"
"Layanan Seluruh Rute Transjakarta Sudah Kembali Normal ","2020-01-06","10:46","BUMD"
"70 Petugas Gabungan Bersihkan Sampah di Kayu Putih","2020-01-06","10:18","Jakarta Hari Ini"
"BMKG Prediksi Jakarta Diguyur Hujan Mulai Pagi Hari","2020-01-06","08:41","Jakarta Hari Ini"
"Sudin LH Jakbar Kerahkan 360 Petugas Dalam Kerja Bakti ","2020-01-05","22:48","Jakarta Hari Ini"
"Ratusan Relawan Gojek Distribusikan Ribuan Paket Bantuan Bagi Korban Banjir","2020-01-05","22:17","Lintas Kota"
" Warga Apresiasi Penanganan Genangan di Pejagalan ","2020-01-05","20:50","Banjir"
"Ketua Komisi A Bantu Korban Banjir di Jakarta Timur","2020-01-05","18:55","Legislatif"
"Dinas KPKP Buka Klinik Hewan Keliling Gratis ","2020-01-05","18:28","Lintas Kota"
"Dinas Pendidikan Pastikan Genangan di 211 Sekolah Sudah Kering","2020-01-05","17:40","Pendidikan"
"BPRD Salurkan Bantuan Bagi Korban Banjir di Bintaro ","2020-01-05","17:19","Jakarta Hari Ini"
"Ketua DPD RI Salurkan Bantuan Kepada Warga Terdampak Banjir  ","2020-01-05","17:18","Jakarta Hari Ini"
"Rehabilitasi Pasca Banjir di Jaktim Dilakukan Hingga Tuntas","2020-01-05","16:45","Lintas Kota"
"Kodim 0505 Kerahkan 500 Personel Ikuti Kerja Bakti di Jakarta Timur","2020-01-05","16:38","Jakarta Hari Ini"
"Mahasiswa Ikut Bantu Kerja Bakti di Rawa Jati","2020-01-05","16:34","Jakarta Hari Ini"
"Dinas LH Kerahkan 12.800 Personel Ikuti Kerja Bakti ","2020-01-05","16:21","Jakarta Hari Ini"
" Petugas Gabungan Bersihkan Jl Yos Sudarso dan Boulevard Kelapa Gading ","2020-01-05","16:07","Banjir"
"Sumringahnya Pasangan Nikah di Lokasi Terdampak Banjir Dikunjungi Anies","2020-01-05","15:49","Jakarta Hari Ini"
"Ormas dan Komunitas Ikuti Kerja Bakti Rehabilitasi Pasca Banjir di Kramat Jati","2020-01-05","14:57","Jakarta Hari Ini"
"Pasca Banjir, Pemprov DKI Gelar Kerja Bakti Bersama Warga","2020-01-05","14:25","Jakarta Hari Ini"
"Pemkot Jakut Maksimalkan Penanganan Genangan di Pejagalan ","2020-01-05","14:14","Banjir"
"250 Personel Ikut Kerja Bakti di Wilayah Petogogan ","2020-01-05","13:48","Jakarta Hari Ini"
"810 Petugas Gabungan dan Warga Kerja Bakti di Kedoya Utara","2020-01-05","13:30","Jakarta Hari Ini"
"Wilayah Terdampak Banjir di Petamburan Disemprot Disinfektan","2020-01-05","13:22","Jakarta Hari Ini"
"Wali Kota Jaksel Pimpin Personel Bersihkan Lumpur di Rumah Warga ","2020-01-05","12:38","Jakarta Hari Ini"
"1.900 Orang Ikuti Kerja Bakti Pasca Banjir di Duren Sawit","2020-01-05","12:03","Jakarta Hari Ini"
"Warga Apresiasi Anies Turun Langsung Bantu Bersihkan Lingkungan Pasca Banjir","2020-01-05","11:49","Fokus"
"Supporter Persitara Ikut Kerja Bakti Lingkungan ","2020-01-05","11:36","Banjir"
"Kerja Bakti di Petamburan, Personel Gabungan dan Warga Bahu-membahu Bersihkan Lumpur","2020-01-05","11:03","Jakarta Hari Ini"
"Penyemprotan Disinfektan di Pegangsaan Dua Kerahkan 500 Petugas Gabungan","2020-01-05","10:22","Banjir"
"Transjakarta Koridor 3 Masih Setop Operasi ","2020-01-05","10:01","BUMD"
"Ratusan Personel Gabungan Kerja Bakti di Kampung Melayu","2020-01-05","09:48","Jakarta Hari Ini"
"Kerja Bakti Pasca Banjir di Rawa Jati","2020-01-05","08:54","Jakarta Hari Ini"
"11 Pintu Air di Jakarta dan Sekitarnya Masih Normal","2020-01-05","08:40","Jakarta Hari Ini"
"BMKG Prediksi Hari Ini Jakarta Diguyur Hujan","2020-01-05","08:00","Jakarta Hari Ini"
"Sudin SDA Jakbar Kerahkan Lima Pompa Mobile Atasi Genangan   ","2020-01-04","22:09","Banjir"
"Bekas Lokasi Banjir di Cipinang Melayu Diberi Cairan Disinfektan","2020-01-04","20:00","Kesehatan"
"Status 12 Pintu Air di Jakarta dan Sekitarnya Siaga 4","2020-01-04","19:42","Jakarta Hari Ini"
"Pemprov DKI Pastikan Kegiatan Belajar-Mengajar Berjalan Lancar Bagi Sekolah Terdampak Banjir","2020-01-04","19:29","Jakarta Hari Ini"
"Beton MCB di Jl Daan Mogot Dirapikan","2020-01-04","18:55","Lintas Kota"
"Sudin SDA Jakbar Tambah Tiga Pompa Mobile di Semanan","2020-01-04","18:03","Banjir"
"Pemkot Jaksel Bersihkan Permukiman Warga Terdampak Banjir di Pengadegan","2020-01-04","17:33","Banjir"
"PMI Jakpus Lisolisasi Permukiman Terdampak Banjir di Kwitang","2020-01-04","17:29","Banjir"
"Wakil Wali Kota Jakpus Pimpin Kerja Bakti di Kwitang","2020-01-04","16:10","Banjir"
"300 Ton Sampah Diangkut dari Cipinang Melayu","2020-01-04","16:05","Jakarta Hari Ini"
"Petugas Gabungan Bersihkan Sampah Sisa Banjir di Kemang Timur","2020-01-04","15:48","Banjir"
"Senangnya Warga Terdampak Banjir Bisa Urus Kembali Dokumen Kependudukan","2020-01-04","15:41","Kesra"
"32 Truk Dikerahkan Angkut Sampah Sisa Banjir di Jakbar","2020-01-04","14:40","Lintas Kota"
"Sudin Dukcapil Jaksel Urus Dokumen Adminduk Warga Terdampak Banjir","2020-01-04","13:54","Kesra"
"Kepulauan Seribu Siagakan Empat Kapal Ambulans","2020-01-04","13:29","Kesehatan"
"Petugas Tangani Tanggul Jebol di Jl Perumahan Kemang Jaya","2020-01-04","13:08","Banjir"
"Pintu Air di Jakarta dan Sekitarnya Siaga 4","2020-01-04","12:57","Jakarta Hari Ini"
"10 Unit Mobil Pemadam Dikerahkan Atasi Lumpur di Cipinang Melayu","2020-01-04","12:53","Jakarta Hari Ini"
"Sudin Dukcapil Jakbar Jemput Bola Layani Warga Terdampak Banjir","2020-01-04","12:24","Kesra"
"Baznas Bazis DKI Salurkan Bantuan di Rumah Singgah LBKM Kepulauan Seribu","2020-01-04","11:27","Kesra"
"800 Petugas Gabungan Bersihkan Lumpur di Cipinang Melayu ","2020-01-04","10:52","Jakarta Hari Ini"
"Dinkes Siagakan Posko Kesehatan 24 Jam di Kecamatan Jatinegara","2020-01-04","09:05","Kesehatan"
"Sejumlah Pintu Air Berstatus Siaga 4","2020-01-04","09:02","Banjir"
" Jakarta Diprediksi Hujan Sejak Pagi Hari","2020-01-04","08:45","Jakarta Hari Ini"
"Bank DKI dan Ancol Sosialisasikan Penggunaan Mobile Point of Sale ","2020-01-03","22:07","BUMD"
"JMN Apresiasi Anies Terjun Langsung Cek Penanganan Banjir","2020-01-03","22:04","Lintas Kota"
"Sudinsos Jaksel Berikan Pelayanan Psikososial Bagi Warga Terdampak Banjir","2020-01-03","21:17","Kesra"
"Warga Terdampak Banjir di Jaksel Diimbau Waspadai Jentik Nyamuk","2020-01-03","20:46","Banjir"
"Kelurahan Pondok Bambu Salurkan Bantuan untuk Warga Terdampak Banjir","2020-01-03","20:44","Kesra"
"Persagi DKI Salurkan Bantuan ke Warga Terdampak Banjir di Cipinang Melayu","2020-01-03","20:36","Kesra"
"Warga Terdampak Banjir Apresiasi Penanganan Cepat Pemprov DKI","2020-01-03","20:21","Lintas Kota"
"Sudinhub Jaksel Bantu Penderekan 13 Mobil Mogok di Kompleks IKPN","2020-01-03","20:11","Transportasi"
"Baznas Bazis DKI Lakukan Pendampingan Psikososial di Lokasi Pengungsian","2020-01-03","20:07","Jakarta Hari Ini"
"Panti Sosial Dinsos DKI Salurkan Bantuan Makanan Siap Saji","2020-01-03","19:41","Kesra"
"Jalan Dr Sutomo Sudah Bersih dari Lumpur dan Sampah Banjir","2020-01-03","19:23","Jakarta Hari Ini"
"Dinas KUKMP Salurkan Bantuan Bagi Korban Banjir di Kayu Putih","2020-01-03","19:11","Kesra"
"Warga Terdampak Banjir Urus Dokumen Adminduk","2020-01-03","18:41","Kesra"
"Anggota Komisi A Bantu Korban Banjir di Jaksel","2020-01-03","18:36","Legislatif"
"Dinas Nakertrans Salurkan Bantuan untuk Korban Banjir","2020-01-03","17:07","Jakarta Hari Ini"
"BPBD Buka Posko Penerimaan Bantuan Banjir di Balai Kota","2020-01-03","17:05","Banjir"
"Pemprov DKI Pastikan Kebutuhan Dasar Warga Terdampak Banjir Terpenuhi","2020-01-03","16:56","Fokus"
"Kelurahan Pulau Panggang Panen Sayuran","2020-01-03","16:35","Kesra"
"Petugas PPSU Bersihkan Sampah Sisa Banjir di Pondok Pinang","2020-01-03","16:17","Banjir"
"Petugas Gabungan Bersihkan Lumpur Sisa Banjir di RW 04 Pondok Bambu","2020-01-03","16:00","Jakarta Hari Ini"
"Baznas Bazis Kepulauan Seribu Salurkan Bantuan Makanan Siap Saji","2020-01-03","15:58","Kesra"
"Penanganan Pasca Genangan Dilakukan di Jl Bungur Besar Raya","2020-01-03","15:33","Jakarta Hari Ini"
"BPBD: Jumlah Pengungsi Terdampak Banjir Menurun","2020-01-03","15:21","Banjir"
"Rekapitulasi Laporan Genangan dan Banjir, Seluruh Jalan di Jaksel dan Jaktim Telah Dapat Dilalui Kendaraan","2020-01-03","15:00","Jakarta Hari Ini"
"388 Personel Gabungan Bersihkan Sisa Banjir di Tanah Abang","2020-01-03","14:51","Banjir"
"UPPRD Cilincing Himpun Bantuan untuk Korban Terdampak Genangan","2020-01-03","14:33","Banjir"
"PPKD Jaktim Sumbang Pakaian Baru untuk Korban Banjir ","2020-01-03","14:31","Kesra"
"137 Petugas Bersihkan Sampah Sisa Banjir di Grogol Petamburan ","2020-01-03","14:25","Jakarta Hari Ini"
"70 Petugas Gabungan Bersihkan Jl Yos Sudarso Kelapa Gading","2020-01-03","13:35","Banjir"
"Jl Jatinegara Barat Kembali Dibuka","2020-01-03","13:32","Jakarta Hari Ini"
"  Kolaborasi Bersama 21 Lembaga, Pemprov DKI Sepakati Perjanjian Kerja Sama Penanggulangan Bencana di Jakarta","2020-01-03","13:17","Fokus"
"Ancol Salurkan Bantuan untuk Warga Terdampak Banjir di Penjaringan","2020-01-03","11:48","BUMD"
"Jumling di Pulau Kelapa Pastikan Kebersihan Lingkungan Terjaga","2020-01-03","11:44","Lintas Kota"
"Lumpur Sisa Banjir di Jl Raya Kayu Putih Dibersihkan","2020-01-03","11:34","Jakarta Hari Ini"
"Instalasi SWRO Pulau Harapan Diuji Coba","2020-01-03","11:25","Lintas Kota"
"30 Petugas Satpol PP Kepulauan Seribu Disiagakan di Posko Bencana","2020-01-03","11:18","Fokus"
"Kecamatan Kelapa Gading Masih Buka Posko Dapur Umum  ","2020-01-03","11:00","Banjir"
"10 Pintu Air di Jakarta dan Sekitarnya Berstatus Siaga 4","2020-01-03","10:31","Banjir"
"Transjakarta Koridor 3, 8 dan 9 Belum Beroperasi Normal ","2020-01-03","10:06","BUMD"
"Kebijakan Ganjil Genap Kembali Diterapkan Hari Ini","2020-01-03","08:20","Transportasi"
"Makanan Siap Saji Dibagikan Pada Pengungsi di Cipinang Melayu","2020-01-02","20:36","Jakarta Hari Ini"
"Walkot Jaksel dan Kapolda Tinjau Penanganan Banjir di Bintaro ","2020-01-02","20:31","Banjir"
"Lumpur di Jalan Dr Sutomo Dibersihkan","2020-01-02","19:41","Jakarta Hari Ini"
"Kadin Jakpus Beri Bantuan Bagi Korban Banjir","2020-01-02","19:30","Lintas Kota"
"Satpol PP dan Warga Kerja Bakti Bersihkan Lumpur Sisa Banjir","2020-01-02","19:01","Jakarta Hari Ini"
"BPRD DKI Santuni Ribuan Anak Yatim dan Dhuafa","2020-01-02","18:50","Kesra"
"Surut, Sejumlah Pintu Air Berstatus Siaga 4","2020-01-02","18:46","Banjir"
"Personel Dinas SDA Sedot Genangan di Jl Kemang Raya","2020-01-02","18:33","Banjir"
"Posko Kesehatan di RW 02 Kwitang Layani 76 Warga","2020-01-02","18:04","Kesehatan"
"Dua Alat Berat Tangani Longsor di Bambu Apus","2020-01-02","17:45","Jakarta Hari Ini"
"Dinas Dukcapil Buka Layanan Dokumen Kependudukan Warga Terdampak Banjir","2020-01-02","17:42","Kesra"
"Petugas Gabungan Bersihkan Jl Kapten Tendean","2020-01-02","17:26","Lintas Kota"
"Luapan Banjir di Rusun Pesakih Diolah Jadi Air Bersih ","2020-01-02","17:24","BUMD"
"Ketua DPRD Serahkan Bantuan untuk Korban Banjir","2020-01-02","17:02","Legislatif"
"Lokasi Pengungsian di Kampus Universitas Borobudur Tampung 265 KK","2020-01-02","16:37","Banjir"
"19 Ruas Jalan di Ibukota dan Sekitarnya Masih Tergenang","2020-01-02","16:29","Banjir"
"GOR Cendrawasih Tampung 600 Warga Korban Banjir   ","2020-01-02","16:21","Jakarta Hari Ini"
"Beberapa Rute Transjakarta Sudah Kembali Normal ","2020-01-02","16:18","BUMD"
"Jl Jatinegara Barat Masih Dialihkan","2020-01-02","16:08","Jakarta Hari Ini"
"Beton MCB di Jl Perintis Kemerdekaan Dirapikan ","2020-01-02","16:04","Jakarta Hari Ini"
"Tinjau Lokasi Terdampak Banjir, Anies Ajak Warga Gotong Royong Atasi Banjir","2020-01-02","15:54","Banjir"
"Lima Unit Pompa Dikerahkan Atasi Genangan di Teluk Gong","2020-01-02","15:24","Banjir"
"Mensos Cek Dapur Umum Sudin Sosial Jaktim di Cawang","2020-01-02","14:56","Jakarta Hari Ini"
"Sudinsos Jaksel Distribusikan 6.000 Makanan Siap Saji","2020-01-02","14:31","Kesra"
"Rekapitulasi Faskes hingga Jalur Transportasi Umum Terdampak Genangan dan Banjir","2020-01-02","14:08","Banjir"
"Pintu Air Angke Hulu Siaga 1","2020-01-02","14:00","Banjir"
"Forum Komunikasi BUMD DKI Salurkan Bantuan untuk Warga Korban Banjir ","2020-01-02","13:50","BUMD"
"31.319 Wisatawan Kunjungi Kepulauan Seribu Saat Libur Nataru","2020-01-02","13:45","Wisata & Kuliner"
"Pohon Tumbang di SMPN 241 Pulau Tidung Dievakuasi","2020-01-02","13:38","Jakarta Hari Ini"
"Dinas LH Bersihkan 2.943 Meter Kubik Sampah Banjir ","2020-01-02","13:33","Lintas Kota"
"Dinas LH Kerahkan 25 Toilet Portabel","2020-01-02","13:14","Jakarta Hari Ini"
"Anies Tinjau Penanganan Banjir di Jl Lebak Bulus Dalam","2020-01-02","12:44","Jakarta Hari Ini"
"Lima Lokasi Terdampak Banjir Dapat Bantuan Air Bersih  ","2020-01-02","12:06","BUMD"
"Bus Transjakarta Jurusan BSD - Juanda Setop Operasi Sementara ","2020-01-02","11:50","BUMD"
"Dua Unit Mobil Pompa Damkar Dikerahkan Atasi Genangan di Cilincing","2020-01-02","11:37","Banjir"
"Petugas PPSU Bersihkan Jl DI Panjaitan ","2020-01-02","11:33","Jakarta Hari Ini"
"PAM Jaya Distribusikan Air Bersih Bagi Warga Terdampak Banjir di Pinang Ranti","2020-01-02","11:21","Jakarta Hari Ini"
"Sudinhub Jaksel Siagakan Personel di Ruas Jalan Tergenang","2020-01-02","11:04","Transportasi"
"Genangan di Sejumlah Jalan di Jakut Mulai Surut ","2020-01-02","10:14","Banjir"
"8 Mobil Damkar Bersihkan Lumpur di Terowongan Cawang","2020-01-02","09:10","Jakarta Hari Ini"
"Ini Rute Transjakarta yang Dialihkan dan Setop Operasi Sementara ","2020-01-02","08:57","BUMD"
"Hari Ini, Kebijakan Ganjil Genap Ditiadakan","2020-01-02","08:54","Transportasi"
"TMA Pintu Air Manggarai Turun Menjadi Siaga 2","2020-01-02","05:38","Banjir"
"Pintu Air Manggarai Siaga 1","2020-01-02","00:24","Jakarta Hari Ini"
"30 Korban Banjir Dievakuasi ke Tenda Pengungsian Cawang","2020-01-02","00:21","Jakarta Hari Ini"
"Pintu Air Manggarai Mendekati Siaga 1","2020-01-01","23:55","Jakarta Hari Ini"
"Sudin Sosial Jakarta Utara Distribusikan 1.500 Paket Makanan Siap Saji","2020-01-01","23:30","Banjir"
"150 Personel Satpol PP Dikerahkan ke Lokasi Banjir di Kampung Melayu","2020-01-01","22:57","Jakarta Hari Ini"
"Anies Apresiasi Kinerja Seluruh Jajaran Pemprov DKI Terkait Banjir","2020-01-01","22:55","Fokus"
"Pasokan Air PAM di Jakarta Timur Terganggu Sementara","2020-01-01","22:39","BUMD"
"Posko Pengungsian di Tegal Parang Tersebar di 13 Titik","2020-01-01","22:29","Banjir"
"Pemprov DKI Siapkan Posko Bantuan Logistik","2020-01-01","22:24","Jakarta Hari Ini"
"Sudin Sosial Jaktim Siapkan 2.000 Boks Makanan Siap Saji ","2020-01-01","22:19","Banjir"
"Puskesmas Rawajati II Tampung Warga Terdampak Banjir","2020-01-01","21:43","Banjir"
"Pemprov Terus Salurkan Bantuan Bahan Pokok ke Posko Pengungsian","2020-01-01","21:36","Banjir"
"Pemprov DKI Siap Siaga Antisipasi Dampak Curah Hujan Tinggi","2020-01-01","21:25","Fokus"
"Dinsos DKI Jakarta Siapkan Dapur Umum Bagi Warga Terdampak Banjir","2020-01-01","21:16","Lintas Kota"
"Wali Kota Jakbar Salurkan Bantuan Korban Banjir di Posko Rawa Buaya ","2020-01-01","20:16","Jakarta Hari Ini"
"Ini Dua Lokasi Pengungsian di Kelurahan Petogogan","2020-01-01","19:34","Banjir"
"Dinkes DKI Siagakan 32 RSUD dan 44 Puskesmas Kecamatan Bagi Warga Terdampak Banjir","2020-01-01","19:31","Banjir"
"Petugas Tangani Tanggul Longsor di Kelurahan Setu","2020-01-01","19:08","Jakarta Hari Ini"
"Sudin PE Jaktim Tambah Penerangan di Lokasi Pengungsian","2020-01-01","19:04","Jakarta Hari Ini"
"Pintu Air Kali Ciliwung Lama Dibuka Hingga 210 Sentimeter","2020-01-01","18:50","Jakarta Hari Ini"
"Penumpang MRT Jakarta Capai 119 Ribu Saat Malam Tahun Baru","2020-01-01","18:13","BUMD"
"Wali Kota Jaksel Tinjau Sejumlah Lokasi Terdampak Banjir","2020-01-01","17:47","Banjir"
"Sampah di Malam Tahun Baru Menurun Drastis","2020-01-01","17:39","Pemerintahan"
"Petugas PPSU Bantu Warga Terdampak Banjir","2020-01-01","17:05","Banjir"
"Wakil Ketua DPRD Apresiasi Gerak Cepat Anies dalam Penanganan Banjir","2020-01-01","17:00","Legislatif"
"Wakil Wali Kota Jakpus Cek Penanganan Banjir","2020-01-01","16:51","Banjir"
"Sudin Gulkarmat Jaktim Evakuasi Warga Terdampak Banjir","2020-01-01","16:26","Banjir"
"Sudin Sosial Jaktim Distribusikan 1.850 Makanan Siap Saji","2020-01-01","16:21","Kesra"
"Kelurahan Cengkareng Timur Dirikan Dapur Umum di RW 05","2020-01-01","15:42","Lintas Kota"
"Petugas Atasi Genangan di Kelurahan Pulau Panggang ","2020-01-01","15:05","Banjir"
"Ini Beberapa Posko Penanganan Banjir di Ibukota","2020-01-01","14:56","Banjir"
"Seluruh Personel Satpol PP Dikerahkan Bantu Warga Terdampak Banjir","2020-01-01","14:51","Jakarta Hari Ini"
"Warga Terdampak Banjir di Kecamatan Cempaka Putih Sudah Dievakuasi","2020-01-01","14:44","Banjir"
"Genangan di Jl Kamal Raya Berangsur Surut","2020-01-01","14:02","Jakarta Hari Ini"
"Petugas Bersihkan Perairan Pulau Tidung ","2020-01-01","13:32","Jakarta Hari Ini"
"Halte Transjakarta Jembatan Baru Jadi Tempat Pengungsian Sementara","2020-01-01","13:28","BUMD"
"Lima Puskesmas Kelurahan di Jakut Difungsikan Jadi Posko Pengungsian","2020-01-01","13:20","Banjir"
"Underpass Kuningan-Mampang Sudah Bisa Dilintasi Kendaraan","2020-01-01","13:16","Jakarta Hari Ini"
"Sudin Sosial Jaktim Dirikan Dapur Umum di Cawang","2020-01-01","13:05","Jakarta Hari Ini"
"Petugas Gabungan Bantu Evakuasi Warga di Sukapura","2020-01-01","12:52","Banjir"
"Sudin Gulkarmat Jaktim Kerahkan 28 Perahu Karet untuk Evakuasi Warga","2020-01-01","12:49","Jakarta Hari Ini"
"Pintu Air Depok Siaga 1","2020-01-01","12:38","Banjir"
"45 Petugas Gabungan Tangani Banjir di Rawajati","2020-01-01","12:25","Banjir"
"Sudinhub Jakut Siagakan Mobil Derek di Lokasi Terdampak Genangan","2020-01-01","12:12","Banjir"
"Pohon Tumbang di Pulau Tidung Dievakuasi ","2020-01-01","11:51","Jakarta Hari Ini"
"Personel Dinas Gulkarmat dan BPBD Dikerahkan untuk Evakuasi Warga ","2020-01-01","11:48","Jakarta Hari Ini"
"Atasi Genangan, SDA Jakut Buka Penyaring Pintu Air Kali Kresek","2020-01-01","11:14","Banjir"
"40 Meter Kubik Sampah Diangkat dari Pintu Air Manggarai","2020-01-01","11:00","Jakarta Hari Ini"
"PD PAL Jaya Bantu Warga Terdampak Genangan ","2020-01-01","10:57","BUMD"
"Sudin Sosial Jakut Siapkan 500 Paket Makanan Siap Saji ","2020-01-01","10:53","Banjir"
"Anies Pastikan Penanganan Terkait Banjir Dilakukan Optimal","2020-01-01","10:40","Banjir"
"Beberapa Koridor Transjakarta Setop Operasi Sementara","2020-01-01","10:35","BUMD"
"Petugas PPSU Evakuasi Pohon Tumbang di Jl Arteri Marunda","2020-01-01","09:34","Banjir"
"Pintu Air Manggarai Berstatus Siaga 2","2020-01-01","09:26","Jakarta Hari Ini"
"Jl Sudirman - Thamrin Sudah Bisa Dilalui Kendaraan","2020-01-01","03:40","Jakarta Hari Ini"
"Penjual Jas Hujan Raup Rezeki di Kawasan Bundaran HI","2020-01-01","03:19","Ekonomi"
"APBD 2020 Sudah Bisa Digunakan Mulai 1 Januari","2020-01-01","01:59","Fokus"
"Wali Kota Jaksel Berharap Tahun 2020 Semakin Baik","2020-01-01","01:47","Jakarta Hari Ini"
"Wakil Wali Kota Jakpus Tinjau Lokasi Keramaian Malam Tahun Baru","2020-01-01","01:26","Jakarta Hari Ini"
"Alif dan Riski Senang Bisa Naik Transjakarta ke Acara Tahun Baru","2020-01-01","00:40","Transportasi"
"Pedagang Thamrin 10 Petik Berkah Malam Tahun Baru ","2020-01-01","00:02","Ekonomi"